RSPTIME,LASER,ANIMALID,GENOTYPE
6.15999999999997,inhibition,CL3,OptoD1Halo
14.3050000000001,inhibition,CL3,OptoD1Halo
6.25999999999999,inhibition,CL3,OptoD1Halo
12.665,inhibition,CL3,OptoD1Halo
14.7649999999999,inhibition,CL3,OptoD1Halo
13.4200000000001,inhibition,CL3,OptoD1Halo
13.96,inhibition,CL3,OptoD1Halo
11.4000000000005,inhibition,CL3,OptoD1Halo
15.1199999999999,inhibition,CL3,OptoD1Halo
6.59999999999945,inhibition,CL3,OptoD1Halo
12.2049999999999,inhibition,CL3,OptoD1Halo
13.9649999999999,ctrl,CL3,OptoD1Halo
12.6200000000003,ctrl,CL3,OptoD1Halo
12.8699999999999,ctrl,CL3,OptoD1Halo
12.3050000000003,ctrl,CL3,OptoD1Halo
10.2699999999995,ctrl,CL3,OptoD1Halo
8.05000000000018,ctrl,CL3,OptoD1Halo
14.9349999999995,ctrl,CL3,OptoD1Halo
6.77999999999975,ctrl,CL3,OptoD1Halo
4.08,ctrl,CL3,OptoD1Halo
9.30500000000001,ctrl,CL3,OptoD1Halo
6.81999999999994,ctrl,CL3,OptoD1Halo
9.52999999999975,ctrl,CL3,OptoD1Halo
5.39999999999964,ctrl,CL3,OptoD1Halo
11.9300000000001,inhibition,CL6,OptoD1Halo
9.40499999999997,inhibition,CL6,OptoD1Halo
14.12,inhibition,CL6,OptoD1Halo
10.59,inhibition,CL6,OptoD1Halo
9.22499999999991,inhibition,CL6,OptoD1Halo
10.8600000000001,inhibition,CL6,OptoD1Halo
8.93499999999995,inhibition,CL6,OptoD1Halo
14.3049999999998,inhibition,CL6,OptoD1Halo
7.2199999999998,inhibition,CL6,OptoD1Halo
16.6599999999999,inhibition,CL6,OptoD1Halo
7.96500000000015,inhibition,CL6,OptoD1Halo
14.39,inhibition,CL6,OptoD1Halo
11.345,inhibition,CL6,OptoD1Halo
13.4949999999999,inhibition,CL6,OptoD1Halo
14.8599999999999,inhibition,CL6,OptoD1Halo
14.72,inhibition,CL6,OptoD1Halo
11.6849999999999,inhibition,CL6,OptoD1Halo
8.71000000000004,inhibition,CL6,OptoD1Halo
13.23,inhibition,CL6,OptoD1Halo
6.70499999999993,inhibition,CL6,OptoD1Halo
7.44999999999982,inhibition,CL6,OptoD1Halo
15.3800000000001,inhibition,CL6,OptoD1Halo
7.61499999999978,inhibition,CL6,OptoD1Halo
9.14000000000033,inhibition,CL6,OptoD1Halo
14.475,inhibition,CL6,OptoD1Halo
7.68000000000006,inhibition,CL6,OptoD1Halo
9.22500000000002,inhibition,CL6,OptoD1Halo
11.085,inhibition,CL6,OptoD1Halo
13.915,inhibition,CL6,OptoD1Halo
7.92000000000007,inhibition,CL6,OptoD1Halo
13.1999999999998,inhibition,CL6,OptoD1Halo
11.4099999999999,inhibition,CL6,OptoD1Halo
12.145,inhibition,CL6,OptoD1Halo
6.08499999999958,inhibition,CL6,OptoD1Halo
9.74500000000035,inhibition,CL6,OptoD1Halo
9.52999999999997,ctrl,CL6,OptoD1Halo
4.23500000000013,ctrl,CL6,OptoD1Halo
6.63999999999987,ctrl,CL6,OptoD1Halo
3.53999999999996,ctrl,CL6,OptoD1Halo
10.5450000000001,ctrl,CL6,OptoD1Halo
7.625,ctrl,CL6,OptoD1Halo
18.4850000000001,ctrl,CL6,OptoD1Halo
12.0899999999999,ctrl,CL6,OptoD1Halo
8.66000000000008,ctrl,CL6,OptoD1Halo
13.0299999999997,ctrl,CL6,OptoD1Halo
9.98000000000002,ctrl,CL6,OptoD1Halo
5.92000000000007,ctrl,CL6,OptoD1Halo
10.5650000000001,ctrl,CL6,OptoD1Halo
7.51499999999987,ctrl,CL6,OptoD1Halo
6.84500000000025,ctrl,CL6,OptoD1Halo
4.82999999999998,ctrl,CL6,OptoD1Halo
5.69999999999999,ctrl,CL6,OptoD1Halo
15.48,ctrl,CL6,OptoD1Halo
8.06999999999994,ctrl,CL6,OptoD1Halo
13.135,ctrl,CL6,OptoD1Halo
8.96000000000004,ctrl,CL6,OptoD1Halo
6.7650000000001,ctrl,CL6,OptoD1Halo
14.3300000000002,ctrl,CL6,OptoD1Halo
6.30999999999995,ctrl,CL6,OptoD1Halo
9.82500000000027,ctrl,CL6,OptoD1Halo
7.03499999999985,ctrl,CL6,OptoD1Halo
5.41000000000031,ctrl,CL6,OptoD1Halo
5,ctrl,CL6,OptoD1Halo
11.6600000000003,ctrl,CL6,OptoD1Halo
10.415,ctrl,CL6,OptoD1Halo
12.315,ctrl,CL6,OptoD1Halo
4.44499999999999,ctrl,CL6,OptoD1Halo
6.29499999999996,ctrl,CL6,OptoD1Halo
5.80000000000007,ctrl,CL6,OptoD1Halo
3.8900000000001,ctrl,CL6,OptoD1Halo
4.26999999999998,ctrl,CL6,OptoD1Halo
3.16499999999996,ctrl,CL6,OptoD1Halo
7.36000000000013,ctrl,CL6,OptoD1Halo
12.6949999999999,inhibition,CR2,OptoD1Halo
6.59500000000003,inhibition,CR2,OptoD1Halo
10.9750000000001,inhibition,CR2,OptoD1Halo
3.88500000000022,inhibition,CR2,OptoD1Halo
9.715,inhibition,CR2,OptoD1Halo
7.625,inhibition,CR2,OptoD1Halo
6.30000000000007,inhibition,CR2,OptoD1Halo
5.66000000000031,inhibition,CR2,OptoD1Halo
4.39499999999998,inhibition,CR2,OptoD1Halo
15.0349999999999,inhibition,CR2,OptoD1Halo
5.78000000000003,inhibition,CR2,OptoD1Halo
10.1899999999999,inhibition,CR2,OptoD1Halo
4.69500000000005,inhibition,CR2,OptoD1Halo
9.15499999999975,inhibition,CR2,OptoD1Halo
11.0450000000001,inhibition,CR2,OptoD1Halo
9.71499999999997,inhibition,CR2,OptoD1Halo
6.38999999999942,inhibition,CR2,OptoD1Halo
6.265,ctrl,CR2,OptoD1Halo
13.06,ctrl,CR2,OptoD1Halo
11.3900000000001,ctrl,CR2,OptoD1Halo
7.83000000000004,ctrl,CR2,OptoD1Halo
9.17999999999984,ctrl,CR2,OptoD1Halo
13.645,ctrl,CR2,OptoD1Halo
9.94000000000005,ctrl,CR2,OptoD1Halo
5.875,ctrl,CR2,OptoD1Halo
7.77500000000009,ctrl,CR2,OptoD1Halo
7.75,ctrl,CR2,OptoD1Halo
8.22999999999956,ctrl,CR2,OptoD1Halo
7.00500000000011,ctrl,CR2,OptoD1Halo
5.63500000000022,ctrl,CR2,OptoD1Halo
12.3800000000001,ctrl,CR2,OptoD1Halo
8.11500000000001,ctrl,CR2,OptoD1Halo
13.4299999999999,ctrl,CR2,OptoD1Halo
4.94499999999994,ctrl,CR2,OptoD1Halo
12.5500000000002,ctrl,CR2,OptoD1Halo
11.54,ctrl,CR2,OptoD1Halo
14.5500000000002,ctrl,CR2,OptoD1Halo
6.48500000000058,ctrl,CR2,OptoD1Halo
8.11499999999999,ctrl,CR2,OptoD1Halo
7.30499999999995,ctrl,CR2,OptoD1Halo
7.04999999999995,ctrl,CR2,OptoD1Halo
5.21000000000004,ctrl,CR2,OptoD1Halo
10.235,ctrl,CR2,OptoD1Halo
7.5,ctrl,CR2,OptoD1Halo
9.72000000000025,ctrl,CR2,OptoD1Halo
7.61000000000013,ctrl,CR2,OptoD1Halo
7.59999999999945,ctrl,CR2,OptoD1Halo
5.27999999999997,ctrl,CR2,OptoD1Halo
5.29999999999995,ctrl,CR2,OptoD1Halo
5.83500000000004,ctrl,CR2,OptoD1Halo
8.58499999999958,ctrl,CR2,OptoD1Halo
6.93499999999995,ctrl,CR2,OptoD1Halo
7.25999999999976,ctrl,CR2,OptoD1Halo
4.07500000000073,ctrl,CR2,OptoD1Halo
2.82499999999982,ctrl,CR2,OptoD1Halo
5.67500000000001,ctrl,CR2,OptoD1Halo
14.3049999999999,ctrl,CR2,OptoD1Halo
5.79999999999995,ctrl,CR2,OptoD1Halo
8.46500000000015,ctrl,CR2,OptoD1Halo
3.6550000000002,ctrl,CR2,OptoD1Halo
17.3,inhibition,CR3,OptoD1Halo
11.9250000000002,inhibition,CR3,OptoD1Halo
11.615,inhibition,CR3,OptoD1Halo
7.13999999999999,inhibition,CR3,OptoD1Halo
6.82500000000005,inhibition,CR3,OptoD1Halo
14.8199999999999,inhibition,CR3,OptoD1Halo
12.7550000000001,inhibition,CR3,OptoD1Halo
16.3099999999999,inhibition,CR3,OptoD1Halo
8.47500000000001,inhibition,CR3,OptoD1Halo
12.6850000000002,inhibition,CR3,OptoD1Halo
5.93000000000006,inhibition,CR3,OptoD1Halo
5.7199999999998,inhibition,CR3,OptoD1Halo
5.36500000000024,inhibition,CR3,OptoD1Halo
17.0799999999999,inhibition,CR3,OptoD1Halo
9.74000000000001,inhibition,CR3,OptoD1Halo
10.6600000000001,inhibition,CR3,OptoD1Halo
12.2250000000004,inhibition,CR3,OptoD1Halo
9.89499999999953,inhibition,CR3,OptoD1Halo
13.6699999999998,inhibition,CR3,OptoD1Halo
13.5899999999999,inhibition,CR3,OptoD1Halo
11.5950000000003,inhibition,CR3,OptoD1Halo
17.2800000000002,inhibition,CR3,OptoD1Halo
3.16500000000001,inhibition,CR3,OptoD1Halo
11.7349999999999,inhibition,CR3,OptoD1Halo
12.74,inhibition,CR3,OptoD1Halo
8.67500000000018,inhibition,CR3,OptoD1Halo
11.4899999999998,inhibition,CR3,OptoD1Halo
9.27499999999964,inhibition,CR3,OptoD1Halo
11.7149999999999,inhibition,CR3,OptoD1Halo
5.295,ctrl,CR3,OptoD1Halo
3.53499999999997,ctrl,CR3,OptoD1Halo
4.15499999999997,ctrl,CR3,OptoD1Halo
5.84500000000003,ctrl,CR3,OptoD1Halo
9.48500000000013,ctrl,CR3,OptoD1Halo
5.15000000000009,ctrl,CR3,OptoD1Halo
6.90000000000009,ctrl,CR3,OptoD1Halo
12.2249999999995,ctrl,CR3,OptoD1Halo
13.8549999999996,ctrl,CR3,OptoD1Halo
9.08000000000084,ctrl,CR3,OptoD1Halo
5.82999999999993,ctrl,CR3,OptoD1Halo
8.09000000000003,ctrl,CR3,OptoD1Halo
11.915,ctrl,CR3,OptoD1Halo
12.4650000000001,ctrl,CR3,OptoD1Halo
6.23999999999978,ctrl,CR3,OptoD1Halo
16.02,ctrl,CR3,OptoD1Halo
8.22499999999991,ctrl,CR3,OptoD1Halo
6.63000000000011,ctrl,CR3,OptoD1Halo
5.09000000000015,ctrl,CR3,OptoD1Halo
14.8449999999993,ctrl,CR3,OptoD1Halo
4.15,ctrl,CR3,OptoD1Halo
6.67000000000002,ctrl,CR3,OptoD1Halo
5.92500000000001,ctrl,CR3,OptoD1Halo
10.2050000000002,ctrl,CR3,OptoD1Halo
7.7199999999998,ctrl,CR3,OptoD1Halo
14.835,ctrl,CR3,OptoD1Halo
9.40999999999985,ctrl,CR3,OptoD1Halo
7.52999999999975,ctrl,CR3,OptoD1Halo
18.565,ctrl,CR3,OptoD1Halo
12.215,ctrl,CR3,OptoD1Halo
10.8199999999999,ctrl,CR3,OptoD1Halo
5.44499999999994,ctrl,CR3,OptoD1Halo
11.3400000000001,ctrl,CR3,OptoD1Halo
13.7750000000005,ctrl,CR3,OptoD1Halo
6.54500000000007,ctrl,CR3,OptoD1Halo
9.20499999999993,ctrl,CR3,OptoD1Halo
6.28,ctrl,CR3,OptoD1Halo
7.56999999999994,ctrl,CR3,OptoD1Halo
6.11500000000001,ctrl,CR3,OptoD1Halo
6.90999999999985,ctrl,CR3,OptoD1Halo
12.875,ctrl,CR3,OptoD1Halo
13.735,ctrl,CR3,OptoD1Halo
6.38499999999999,ctrl,CR3,OptoD1Halo
5.13,ctrl,CR3,OptoD1Halo
4.625,ctrl,CR3,OptoD1Halo
12.01,ctrl,CR3,OptoD1Halo
6.90499999999975,ctrl,CR3,OptoD1Halo
13.725,ctrl,CR3,OptoD1Halo
5.52500000000009,ctrl,CR3,OptoD1Halo
12.5,ctrl,CR3,OptoD1Halo
6.64500000000044,ctrl,CR3,OptoD1Halo
12.2549999999992,ctrl,CR3,OptoD1Halo
11.3599999999997,ctrl,CR3,OptoD1Halo
8.95500000000004,ctrl,CR3,OptoD1Halo
11.7749999999999,ctrl,CR3,OptoD1Halo
11.6400000000001,ctrl,CR3,OptoD1Halo
16.365,ctrl,CR3,OptoD1Halo
4.30999999999995,ctrl,CR3,OptoD1Halo
3.41499999999996,ctrl,CR3,OptoD1Halo
12.605,ctrl,CR3,OptoD1Halo
14.0149999999999,ctrl,CR3,OptoD1Halo
7.17999999999984,ctrl,CR3,OptoD1Halo
12.81,ctrl,CR3,OptoD1Halo
6.05999999999995,ctrl,CR3,OptoD1Halo
5.6099999999999,ctrl,CR3,OptoD1Halo
6.57500000000027,ctrl,CR3,OptoD1Halo
14.8150000000001,ctrl,CR3,OptoD1Halo
6.63999999999942,ctrl,CR3,OptoD1Halo
9.09,ctrl,CR3,OptoD1Halo
5.75999999999999,ctrl,CR3,OptoD1Halo
11.2750000000001,ctrl,CR3,OptoD1Halo
11.44,ctrl,CR3,OptoD1Halo
9.66000000000008,ctrl,CR3,OptoD1Halo
14.665,ctrl,CR3,OptoD1Halo
6.5949999999998,ctrl,CR3,OptoD1Halo
8.30499999999984,ctrl,CR3,OptoD1Halo
6.85500000000002,inhibition,CR5,OptoD1Halo
15.1749999999997,inhibition,CR5,OptoD1Halo
7.11000000000013,inhibition,CR5,OptoD1Halo
16.61,inhibition,CR5,OptoD1Halo
9.09500000000003,inhibition,CR5,OptoD1Halo
5.70499999999993,inhibition,CR5,OptoD1Halo
7.125,inhibition,CR5,OptoD1Halo
7.24499999999989,inhibition,CR5,OptoD1Halo
13.2649999999994,inhibition,CR5,OptoD1Halo
6.29500000000002,inhibition,CR5,OptoD1Halo
9.68000000000006,inhibition,CR5,OptoD1Halo
5.50999999999999,inhibition,CR5,OptoD1Halo
15.0400000000001,inhibition,CR5,OptoD1Halo
4.44499999999994,inhibition,CR5,OptoD1Halo
11.635,inhibition,CR5,OptoD1Halo
11.6799999999998,inhibition,CR5,OptoD1Halo
11.71,inhibition,CR5,OptoD1Halo
9.88000000000011,inhibition,CR5,OptoD1Halo
8.00999999999999,inhibition,CR5,OptoD1Halo
13.105,inhibition,CR5,OptoD1Halo
15.1699999999996,inhibition,CR5,OptoD1Halo
10.54,inhibition,CR5,OptoD1Halo
12.9749999999999,inhibition,CR5,OptoD1Halo
7.80499999999984,inhibition,CR5,OptoD1Halo
5.92000000000007,inhibition,CR5,OptoD1Halo
6.95000000000073,inhibition,CR5,OptoD1Halo
12.5299999999997,inhibition,CR5,OptoD1Halo
7.02500000000009,inhibition,CR5,OptoD1Halo
4.98999999999978,inhibition,CR5,OptoD1Halo
13.665,inhibition,CR5,OptoD1Halo
17.5700000000006,inhibition,CR5,OptoD1Halo
12.4099999999999,inhibition,CR5,OptoD1Halo
6.09999999999991,inhibition,CR5,OptoD1Halo
15.4649999999997,inhibition,CR5,OptoD1Halo
10.355,inhibition,CR5,OptoD1Halo
12.3099999999999,inhibition,CR5,OptoD1Halo
9.30500000000029,inhibition,CR5,OptoD1Halo
6.6850000000004,inhibition,CR5,OptoD1Halo
10.0649999999998,ctrl,CR5,OptoD1Halo
5.40499999999997,ctrl,CR5,OptoD1Halo
4.94499999999994,ctrl,CR5,OptoD1Halo
6.77500000000009,ctrl,CR5,OptoD1Halo
6.30000000000018,ctrl,CR5,OptoD1Halo
14.645,ctrl,CR5,OptoD1Halo
3.90500000000009,ctrl,CR5,OptoD1Halo
14.1299999999999,ctrl,CR5,OptoD1Halo
9.26999999999998,ctrl,CR5,OptoD1Halo
4.17999999999984,ctrl,CR5,OptoD1Halo
5.29999999999995,ctrl,CR5,OptoD1Halo
6.6550000000002,ctrl,CR5,OptoD1Halo
5.17999999999984,ctrl,CR5,OptoD1Halo
3.23000000000002,ctrl,CR5,OptoD1Halo
9.59000000000015,ctrl,CR5,OptoD1Halo
4.53999999999996,ctrl,CR5,OptoD1Halo
5.35000000000036,ctrl,CR5,OptoD1Halo
4.74499999999999,ctrl,CR5,OptoD1Halo
7.89499999999998,ctrl,CR5,OptoD1Halo
8.78500000000008,ctrl,CR5,OptoD1Halo
12.78,ctrl,CR5,OptoD1Halo
11.0799999999999,ctrl,CR5,OptoD1Halo
11.135,ctrl,CR5,OptoD1Halo
16.165,ctrl,CR5,OptoD1Halo
10.5149999999999,ctrl,CR5,OptoD1Halo
9.11500000000024,ctrl,CR5,OptoD1Halo
11.6949999999997,ctrl,CR5,OptoD1Halo
12.9099999999999,ctrl,CR5,OptoD1Halo
7.40500000000065,ctrl,CR5,OptoD1Halo
10.9200000000001,ctrl,CR5,OptoD1Halo
6.04999999999927,ctrl,CR5,OptoD1Halo
13.13,ctrl,CR5,OptoD1Halo
12.2900000000002,ctrl,CR5,OptoD1Halo
11.0700000000002,ctrl,CR5,OptoD1Halo
15,ctrl,CR5,OptoD1Halo
16.9299999999998,ctrl,CR5,OptoD1Halo
12.9850000000001,ctrl,CR5,OptoD1Halo
5.30500000000029,ctrl,CR5,OptoD1Halo
6.23000000000002,ctrl,CR5,OptoD1Halo
6.81500000000005,ctrl,CR5,OptoD1Halo
5.46499999999992,ctrl,CR5,OptoD1Halo
15.375,ctrl,CR5,OptoD1Halo
9.4849999999999,ctrl,CR5,OptoD1Halo
7.04499999999985,ctrl,CR5,OptoD1Halo
10.2049999999999,ctrl,CR5,OptoD1Halo
6.78500000000003,inhibition,CR6,OptoD1Halo
13.22,inhibition,CR6,OptoD1Halo
17.5350000000001,inhibition,CR6,OptoD1Halo
8.04999999999973,inhibition,CR6,OptoD1Halo
7.04499999999962,inhibition,CR6,OptoD1Halo
10.04,inhibition,CR6,OptoD1Halo
11.1949999999997,inhibition,CR6,OptoD1Halo
3.69499999999994,inhibition,CR6,OptoD1Halo
14.905,inhibition,CR6,OptoD1Halo
7.12000000000012,inhibition,CR6,OptoD1Halo
5.82000000000016,inhibition,CR6,OptoD1Halo
15.2750000000001,inhibition,CR6,OptoD1Halo
5.56500000000005,inhibition,CR6,OptoD1Halo
3.05999999999995,inhibition,CR6,OptoD1Halo
17.24,inhibition,CR6,OptoD1Halo
12.205,inhibition,CR6,OptoD1Halo
12.48,inhibition,CR6,OptoD1Halo
5.40499999999997,inhibition,CR6,OptoD1Halo
14.2949999999996,inhibition,CR6,OptoD1Halo
15.9749999999999,inhibition,CR6,OptoD1Halo
17.5,inhibition,CR6,OptoD1Halo
12.7700000000004,inhibition,CR6,OptoD1Halo
8.54500000000007,inhibition,CR6,OptoD1Halo
8.82000000000062,inhibition,CR6,OptoD1Halo
6.78500000000031,inhibition,CR6,OptoD1Halo
8.28499999999985,inhibition,CR6,OptoD1Halo
8.74499999999989,inhibition,CR6,OptoD1Halo
9.89500000000044,inhibition,CR6,OptoD1Halo
7.81999999999971,inhibition,CR6,OptoD1Halo
3.90500000000065,inhibition,CR6,OptoD1Halo
7.52999999999975,inhibition,CR6,OptoD1Halo
4.02499999999964,inhibition,CR6,OptoD1Halo
8.375,inhibition,CR6,OptoD1Halo
10.1949999999999,inhibition,CR6,OptoD1Halo
9.75999999999976,inhibition,CR6,OptoD1Halo
6.14499999999998,inhibition,CR6,OptoD1Halo
9.7349999999999,inhibition,CR6,OptoD1Halo
5.49000000000001,inhibition,CR6,OptoD1Halo
4.65999999999985,inhibition,CR6,OptoD1Halo
7.76500000000033,inhibition,CR6,OptoD1Halo
4,inhibition,CR6,OptoD1Halo
7.28999999999996,inhibition,CR6,OptoD1Halo
16.7150000000001,inhibition,CR6,OptoD1Halo
12.5949999999998,inhibition,CR6,OptoD1Halo
16.105,inhibition,CR6,OptoD1Halo
7.37,ctrl,CR6,OptoD1Halo
3.82499999999993,ctrl,CR6,OptoD1Halo
11.02,ctrl,CR6,OptoD1Halo
8.65999999999985,ctrl,CR6,OptoD1Halo
14.5550000000001,ctrl,CR6,OptoD1Halo
16.02,ctrl,CR6,OptoD1Halo
7.57500000000005,ctrl,CR6,OptoD1Halo
8.40000000000009,ctrl,CR6,OptoD1Halo
13.6849999999999,ctrl,CR6,OptoD1Halo
11.2849999999999,ctrl,CR6,OptoD1Halo
8.36000000000013,ctrl,CR6,OptoD1Halo
3.70499999999993,ctrl,CR6,OptoD1Halo
5.80999999999949,ctrl,CR6,OptoD1Halo
13.805,ctrl,CR6,OptoD1Halo
4.68999999999983,ctrl,CR6,OptoD1Halo
2.40000000000009,ctrl,CR6,OptoD1Halo
5.00500000000011,ctrl,CR6,OptoD1Halo
5.56500000000005,ctrl,CR6,OptoD1Halo
6.77500000000009,ctrl,CR6,OptoD1Halo
9.10500000000002,ctrl,CR6,OptoD1Halo
6.25499999999965,ctrl,CR6,OptoD1Halo
4.63999999999999,ctrl,CR6,OptoD1Halo
9.65499999999997,ctrl,CR6,OptoD1Halo
7.46499999999992,ctrl,CR6,OptoD1Halo
11.4100000000001,ctrl,CR6,OptoD1Halo
10.2650000000001,ctrl,CR6,OptoD1Halo
13.77,ctrl,CR6,OptoD1Halo
7.89499999999998,ctrl,CR6,OptoD1Halo
5.6550000000002,ctrl,CR6,OptoD1Halo
8.99499999999989,ctrl,CR6,OptoD1Halo
5.42499999999973,ctrl,CR6,OptoD1Halo
6.93000000000029,ctrl,CR6,OptoD1Halo
6.85499999999956,ctrl,CR6,OptoD1Halo
5.88499999999931,ctrl,CR6,OptoD1Halo
10.11,ctrl,CR6,OptoD1Halo
3.34500000000003,ctrl,CR6,OptoD1Halo
12.3500000000001,ctrl,CR6,OptoD1Halo
11.095,ctrl,CR6,OptoD1Halo
3.85500000000002,ctrl,CR6,OptoD1Halo
10.9499999999998,ctrl,CR6,OptoD1Halo
4.85500000000002,ctrl,CR6,OptoD1Halo
11.2049999999999,ctrl,CR6,OptoD1Halo
12.0999999999999,ctrl,CR6,OptoD1Halo
7.63000000000011,ctrl,CR6,OptoD1Halo
10.3800000000001,ctrl,CR6,OptoD1Halo
13.3349999999996,ctrl,CR6,OptoD1Halo
1.76000000000022,ctrl,CR6,OptoD1Halo
7.37,ctrl,CR6,OptoD1Halo
4.5,ctrl,CR6,OptoD1Halo
13.505,ctrl,CR6,OptoD1Halo
3.52999999999975,ctrl,CR6,OptoD1Halo
9.07500000000005,ctrl,CR6,OptoD1Halo
10.47,ctrl,CR6,OptoD1Halo
5.36000000000001,ctrl,CR6,OptoD1Halo
4.61000000000013,ctrl,CR6,OptoD1Halo
3.375,ctrl,CR6,OptoD1Halo
4.65000000000009,ctrl,CR6,OptoD1Halo
3.61500000000024,ctrl,CR6,OptoD1Halo
3.125,ctrl,CR6,OptoD1Halo
1.97000000000025,ctrl,CR6,OptoD1Halo
7.86500000000024,ctrl,CR6,OptoD1Halo
1.44999999999999,inhibition,IOL1,OptoD2Halo
8.51999999999998,inhibition,IOL1,OptoD2Halo
5.31999999999994,inhibition,IOL1,OptoD2Halo
15.145,inhibition,IOL1,OptoD2Halo
8.58500000000004,inhibition,IOL1,OptoD2Halo
12.4400000000001,inhibition,IOL1,OptoD2Halo
11.5949999999998,inhibition,IOL1,OptoD2Halo
5.93000000000001,inhibition,IOL1,OptoD2Halo
8.05000000000001,inhibition,IOL1,OptoD2Halo
10.525,inhibition,IOL1,OptoD2Halo
11.0650000000001,inhibition,IOL1,OptoD2Halo
9.63499999999999,inhibition,IOL1,OptoD2Halo
9.75,inhibition,IOL1,OptoD2Halo
17.3899999999999,inhibition,IOL1,OptoD2Halo
3.55999999999995,inhibition,IOL1,OptoD2Halo
11.9550000000004,inhibition,IOL1,OptoD2Halo
17.0149999999999,inhibition,IOL1,OptoD2Halo
8.47499999999991,inhibition,IOL1,OptoD2Halo
11.6900000000001,inhibition,IOL1,OptoD2Halo
8.205,inhibition,IOL1,OptoD2Halo
7.65000000000009,inhibition,IOL1,OptoD2Halo
6.78999999999996,inhibition,IOL1,OptoD2Halo
2.33500000000004,inhibition,IOL1,OptoD2Halo
6.70499999999993,inhibition,IOL1,OptoD2Halo
14.9200000000001,inhibition,IOL1,OptoD2Halo
10.49,inhibition,IOL1,OptoD2Halo
7.71500000000015,inhibition,IOL1,OptoD2Halo
8.39000000000033,inhibition,IOL1,OptoD2Halo
12.7350000000001,inhibition,IOL1,OptoD2Halo
8.12999999999988,inhibition,IOL1,OptoD2Halo
9.75,inhibition,IOL1,OptoD2Halo
9.04999999999995,inhibition,IOL1,OptoD2Halo
10.6599999999999,inhibition,IOL1,OptoD2Halo
10.8899999999999,inhibition,IOL1,OptoD2Halo
8.37000000000035,inhibition,IOL1,OptoD2Halo
9.89499999999998,inhibition,IOL1,OptoD2Halo
13.035,inhibition,IOL1,OptoD2Halo
10.66,inhibition,IOL1,OptoD2Halo
12.175,inhibition,IOL1,OptoD2Halo
10.15,inhibition,IOL1,OptoD2Halo
7.6099999999999,inhibition,IOL1,OptoD2Halo
7.875,inhibition,IOL1,OptoD2Halo
7.20000000000005,inhibition,IOL1,OptoD2Halo
11.27,inhibition,IOL1,OptoD2Halo
7.93499999999995,inhibition,IOL1,OptoD2Halo
10.5499999999997,inhibition,IOL1,OptoD2Halo
7.95500000000038,inhibition,IOL1,OptoD2Halo
6.90000000000009,inhibition,IOL1,OptoD2Halo
8.875,inhibition,IOL1,OptoD2Halo
9.22500000000014,inhibition,IOL1,OptoD2Halo
17.45,inhibition,IOL1,OptoD2Halo
2.04500000000007,inhibition,IOL1,OptoD2Halo
11.8699999999999,inhibition,IOL1,OptoD2Halo
5.31500000000051,inhibition,IOL1,OptoD2Halo
14.425,ctrl,IOL1,OptoD2Halo
14.17,ctrl,IOL1,OptoD2Halo
7.09499999999997,ctrl,IOL1,OptoD2Halo
5.60000000000002,ctrl,IOL1,OptoD2Halo
12.155,ctrl,IOL1,OptoD2Halo
8.38499999999999,ctrl,IOL1,OptoD2Halo
17.48,ctrl,IOL1,OptoD2Halo
7.10500000000002,ctrl,IOL1,OptoD2Halo
13.0150000000001,ctrl,IOL1,OptoD2Halo
11.7400000000002,ctrl,IOL1,OptoD2Halo
3.65000000000009,ctrl,IOL1,OptoD2Halo
6.34999999999991,ctrl,IOL1,OptoD2Halo
6.41499999999999,ctrl,IOL1,OptoD2Halo
4.04499999999999,ctrl,IOL1,OptoD2Halo
7.88,ctrl,IOL1,OptoD2Halo
11.8100000000001,ctrl,IOL1,OptoD2Halo
11.4250000000002,ctrl,IOL1,OptoD2Halo
17.5799999999999,ctrl,IOL1,OptoD2Halo
11.7999999999997,ctrl,IOL1,OptoD2Halo
10.3000000000002,ctrl,IOL1,OptoD2Halo
9.90000000000009,ctrl,IOL1,OptoD2Halo
13.6950000000002,ctrl,IOL1,OptoD2Halo
15.5250000000001,ctrl,IOL1,OptoD2Halo
15.1400000000003,ctrl,IOL1,OptoD2Halo
3.44000000000005,ctrl,IOL1,OptoD2Halo
5.15999999999985,ctrl,IOL1,OptoD2Halo
4.6850000000004,ctrl,IOL1,OptoD2Halo
8.81999999999971,ctrl,IOL1,OptoD2Halo
5.44000000000005,ctrl,IOL1,OptoD2Halo
8.19000000000005,ctrl,IOL1,OptoD2Halo
10.6850000000001,ctrl,IOL1,OptoD2Halo
9.29499999999996,ctrl,IOL1,OptoD2Halo
5.74000000000001,ctrl,IOL1,OptoD2Halo
9.05500000000006,ctrl,IOL1,OptoD2Halo
17.6550000000002,ctrl,IOL1,OptoD2Halo
7.28999999999996,ctrl,IOL1,OptoD2Halo
12.1150000000002,ctrl,IOL1,OptoD2Halo
9.55000000000018,ctrl,IOL1,OptoD2Halo
6.28499999999985,ctrl,IOL1,OptoD2Halo
5.35500000000002,ctrl,IOL1,OptoD2Halo
1.875,ctrl,IOL1,OptoD2Halo
8.17999999999984,ctrl,IOL1,OptoD2Halo
6.07500000000027,ctrl,IOL1,OptoD2Halo
12.4849999999997,ctrl,IOL1,OptoD2Halo
6.11999999999989,ctrl,IOL1,OptoD2Halo
15.3149999999996,ctrl,IOL1,OptoD2Halo
12.9399999999996,ctrl,IOL1,OptoD2Halo
3.84000000000015,ctrl,IOL1,OptoD2Halo
3.175,ctrl,IOL1,OptoD2Halo
9.47000000000003,ctrl,IOL1,OptoD2Halo
13.85,ctrl,IOL1,OptoD2Halo
10.7850000000001,ctrl,IOL1,OptoD2Halo
13.8049999999998,ctrl,IOL1,OptoD2Halo
7.32500000000005,ctrl,IOL1,OptoD2Halo
7.06499999999983,ctrl,IOL1,OptoD2Halo
9.70000000000005,ctrl,IOL1,OptoD2Halo
13.7549999999999,ctrl,IOL1,OptoD2Halo
11.9649999999999,ctrl,IOL1,OptoD2Halo
3.44500000000016,ctrl,IOL1,OptoD2Halo
7.74499999999989,ctrl,IOL1,OptoD2Halo
2.41499999999996,ctrl,IOL1,OptoD2Halo
17.1700000000001,ctrl,IOL1,OptoD2Halo
2.85500000000002,ctrl,IOL1,OptoD2Halo
8.14499999999998,ctrl,IOL1,OptoD2Halo
17.6799999999994,ctrl,IOL1,OptoD2Halo
6.85000000000036,ctrl,IOL1,OptoD2Halo
16.9700000000003,ctrl,IOL1,OptoD2Halo
1.6899999999996,ctrl,IOL1,OptoD2Halo
1.88000000000011,ctrl,IOL1,OptoD2Halo
5.68499999999949,ctrl,IOL1,OptoD2Halo
15.2399999999998,ctrl,IOL1,OptoD2Halo
8.40500000000065,ctrl,IOL1,OptoD2Halo
12.595,ctrl,IOL1,OptoD2Halo
3.90499999999997,ctrl,IOL1,OptoD2Halo
10.165,ctrl,IOL1,OptoD2Halo
7.25499999999988,ctrl,IOL1,OptoD2Halo
10.73,ctrl,IOL1,OptoD2Halo
8.03499999999985,ctrl,IOL1,OptoD2Halo
5.92999999999984,ctrl,IOL1,OptoD2Halo
6.875,ctrl,IOL1,OptoD2Halo
6.04999999999995,ctrl,IOL1,OptoD2Halo
6.80999999999995,ctrl,IOL1,OptoD2Halo
12.355,ctrl,IOL1,OptoD2Halo
5.6899999999996,ctrl,IOL1,OptoD2Halo
5.30000000000018,ctrl,IOL1,OptoD2Halo
9.59000000000015,ctrl,IOL1,OptoD2Halo
11.585,ctrl,IOL1,OptoD2Halo
3.44499999999971,ctrl,IOL1,OptoD2Halo
5.22499999999945,ctrl,IOL1,OptoD2Halo
5.04999999999927,ctrl,IOL1,OptoD2Halo
2.90000000000055,ctrl,IOL1,OptoD2Halo
5.83500000000004,ctrl,IOL1,OptoD2Halo
6.28,ctrl,IOL1,OptoD2Halo
8.94,ctrl,IOL1,OptoD2Halo
10.3099999999999,ctrl,IOL1,OptoD2Halo
9.42999999999995,ctrl,IOL1,OptoD2Halo
12.4299999999999,ctrl,IOL1,OptoD2Halo
8.98500000000013,ctrl,IOL1,OptoD2Halo
13.23,ctrl,IOL1,OptoD2Halo
13.1400000000001,ctrl,IOL1,OptoD2Halo
12.3000000000002,ctrl,IOL1,OptoD2Halo
6.33500000000004,ctrl,IOL1,OptoD2Halo
17.5249999999996,ctrl,IOL1,OptoD2Halo
12.5450000000001,ctrl,IOL1,OptoD2Halo
11.465,inhibition,IOL2,OptoD2Halo
8.66999999999985,inhibition,IOL2,OptoD2Halo
9.82000000000016,inhibition,IOL2,OptoD2Halo
16.54,inhibition,IOL2,OptoD2Halo
8.625,inhibition,IOL2,OptoD2Halo
7.39499999999998,inhibition,IOL2,OptoD2Halo
15.3850000000002,inhibition,IOL2,OptoD2Halo
14.4400000000001,inhibition,IOL2,OptoD2Halo
12.8249999999998,inhibition,IOL2,OptoD2Halo
5.455,inhibition,IOL2,OptoD2Halo
12.005,inhibition,IOL2,OptoD2Halo
7.57999999999993,inhibition,IOL2,OptoD2Halo
8.87,inhibition,IOL2,OptoD2Halo
12.7,inhibition,IOL2,OptoD2Halo
9.29999999999995,inhibition,IOL2,OptoD2Halo
6.00999999999999,inhibition,IOL2,OptoD2Halo
6.77499999999986,inhibition,IOL2,OptoD2Halo
9.01999999999998,inhibition,IOL2,OptoD2Halo
14.5299999999997,inhibition,IOL2,OptoD2Halo
13.7200000000003,inhibition,IOL2,OptoD2Halo
4.93000000000029,inhibition,IOL2,OptoD2Halo
6.27999999999975,inhibition,IOL2,OptoD2Halo
7.97499999999991,inhibition,IOL2,OptoD2Halo
9.91499999999996,inhibition,IOL2,OptoD2Halo
6.52499999999964,inhibition,IOL2,OptoD2Halo
13.5050000000001,inhibition,IOL2,OptoD2Halo
8.26000000000002,inhibition,IOL2,OptoD2Halo
8,inhibition,IOL2,OptoD2Halo
5.21000000000004,inhibition,IOL2,OptoD2Halo
10.1100000000001,inhibition,IOL2,OptoD2Halo
11.4100000000001,inhibition,IOL2,OptoD2Halo
8.01999999999998,inhibition,IOL2,OptoD2Halo
7.81500000000005,inhibition,IOL2,OptoD2Halo
4.35500000000002,inhibition,IOL2,OptoD2Halo
16.165,inhibition,IOL2,OptoD2Halo
7.5,inhibition,IOL2,OptoD2Halo
7.84999999999991,inhibition,IOL2,OptoD2Halo
15.5149999999999,inhibition,IOL2,OptoD2Halo
7.08500000000004,inhibition,IOL2,OptoD2Halo
8.70999999999958,inhibition,IOL2,OptoD2Halo
6.07999999999993,inhibition,IOL2,OptoD2Halo
8.63000000000011,inhibition,IOL2,OptoD2Halo
9.38,inhibition,IOL2,OptoD2Halo
4.86000000000001,inhibition,IOL2,OptoD2Halo
8.56999999999994,inhibition,IOL2,OptoD2Halo
8.68000000000006,inhibition,IOL2,OptoD2Halo
10.0950000000003,inhibition,IOL2,OptoD2Halo
9.99000000000024,inhibition,IOL2,OptoD2Halo
10.3649999999998,inhibition,IOL2,OptoD2Halo
11.145,inhibition,IOL2,OptoD2Halo
4.07499999999982,inhibition,IOL2,OptoD2Halo
11.585,inhibition,IOL2,OptoD2Halo
5.90999999999985,inhibition,IOL2,OptoD2Halo
10.1550000000007,inhibition,IOL2,OptoD2Halo
14.5799999999999,inhibition,IOL2,OptoD2Halo
9.57499999999999,inhibition,IOL2,OptoD2Halo
6.61500000000001,inhibition,IOL2,OptoD2Halo
10.905,inhibition,IOL2,OptoD2Halo
10.895,inhibition,IOL2,OptoD2Halo
3.42499999999995,inhibition,IOL2,OptoD2Halo
9.4849999999999,inhibition,IOL2,OptoD2Halo
5.63499999999976,inhibition,IOL2,OptoD2Halo
6.31999999999994,inhibition,IOL2,OptoD2Halo
12.5350000000001,inhibition,IOL2,OptoD2Halo
14.385,inhibition,IOL2,OptoD2Halo
13.6500000000001,inhibition,IOL2,OptoD2Halo
11.3850000000002,inhibition,IOL2,OptoD2Halo
18.11,ctrl,IOL2,OptoD2Halo
8.61500000000001,ctrl,IOL2,OptoD2Halo
4.68000000000006,ctrl,IOL2,OptoD2Halo
11.4200000000001,ctrl,IOL2,OptoD2Halo
5.04999999999995,ctrl,IOL2,OptoD2Halo
4.36499999999978,ctrl,IOL2,OptoD2Halo
4.23499999999967,ctrl,IOL2,OptoD2Halo
8.19499999999971,ctrl,IOL2,OptoD2Halo
15.4750000000004,ctrl,IOL2,OptoD2Halo
6.86,ctrl,IOL2,OptoD2Halo
6.85000000000002,ctrl,IOL2,OptoD2Halo
4.55500000000006,ctrl,IOL2,OptoD2Halo
7.82999999999993,ctrl,IOL2,OptoD2Halo
5.88999999999987,ctrl,IOL2,OptoD2Halo
6.58500000000004,ctrl,IOL2,OptoD2Halo
8.58500000000004,ctrl,IOL2,OptoD2Halo
11.4250000000002,ctrl,IOL2,OptoD2Halo
8.23999999999978,ctrl,IOL2,OptoD2Halo
7.42499999999927,ctrl,IOL2,OptoD2Halo
7.85999999999996,ctrl,IOL2,OptoD2Halo
5.42500000000007,ctrl,IOL2,OptoD2Halo
5.04499999999996,ctrl,IOL2,OptoD2Halo
8.79999999999995,ctrl,IOL2,OptoD2Halo
5.16499999999996,ctrl,IOL2,OptoD2Halo
7.95500000000015,ctrl,IOL2,OptoD2Halo
11.3599999999999,ctrl,IOL2,OptoD2Halo
10.21,ctrl,IOL2,OptoD2Halo
9.24000000000024,ctrl,IOL2,OptoD2Halo
8.82999999999993,ctrl,IOL2,OptoD2Halo
10.1599999999999,ctrl,IOL2,OptoD2Halo
12.1900000000001,ctrl,IOL2,OptoD2Halo
9.5600000000004,ctrl,IOL2,OptoD2Halo
12.9099999999999,ctrl,IOL2,OptoD2Halo
9.10499999999956,ctrl,IOL2,OptoD2Halo
7.885,ctrl,IOL2,OptoD2Halo
4.785,ctrl,IOL2,OptoD2Halo
8.05499999999995,ctrl,IOL2,OptoD2Halo
13.03,ctrl,IOL2,OptoD2Halo
12.145,ctrl,IOL2,OptoD2Halo
13.3150000000001,ctrl,IOL2,OptoD2Halo
7.75,ctrl,IOL2,OptoD2Halo
5.50999999999999,ctrl,IOL2,OptoD2Halo
5.22000000000003,ctrl,IOL2,OptoD2Halo
5.40499999999997,ctrl,IOL2,OptoD2Halo
6.23000000000002,ctrl,IOL2,OptoD2Halo
6.33500000000004,ctrl,IOL2,OptoD2Halo
7.13000000000011,ctrl,IOL2,OptoD2Halo
3.82500000000027,ctrl,IOL2,OptoD2Halo
3.39999999999964,ctrl,IOL2,OptoD2Halo
8.74000000000001,ctrl,IOL2,OptoD2Halo
8.04999999999995,ctrl,IOL2,OptoD2Halo
7.84999999999991,ctrl,IOL2,OptoD2Halo
16.855,ctrl,IOL2,OptoD2Halo
6.47500000000014,ctrl,IOL2,OptoD2Halo
6.44000000000005,ctrl,IOL2,OptoD2Halo
2.19000000000005,ctrl,IOL2,OptoD2Halo
4.25999999999976,ctrl,IOL2,OptoD2Halo
12.9399999999998,ctrl,IOL2,OptoD2Halo
11.0549999999998,ctrl,IOL2,OptoD2Halo
13.3850000000002,ctrl,IOL2,OptoD2Halo
6.57999999999998,inhibition,IOR3,OptoD2Halo
16.24,inhibition,IOR3,OptoD2Halo
6.52500000000009,inhibition,IOR3,OptoD2Halo
16.605,inhibition,IOR3,OptoD2Halo
3.8449999999998,inhibition,IOR3,OptoD2Halo
7.05999999999995,inhibition,IOR3,OptoD2Halo
6.875,inhibition,IOR3,OptoD2Halo
6.39499999999998,inhibition,IOR3,OptoD2Halo
9.435,inhibition,IOR3,OptoD2Halo
11.6100000000001,inhibition,IOR3,OptoD2Halo
9.5,inhibition,IOR3,OptoD2Halo
11.1849999999999,inhibition,IOR3,OptoD2Halo
11.7449999999999,inhibition,IOR3,OptoD2Halo
6.48999999999999,inhibition,IOR3,OptoD2Halo
7.5,inhibition,IOR3,OptoD2Halo
5.87999999999988,inhibition,IOR3,OptoD2Halo
5.53999999999996,inhibition,IOR3,OptoD2Halo
9.20499999999993,inhibition,IOR3,OptoD2Halo
15.9300000000003,inhibition,IOR3,OptoD2Halo
15.9100000000003,inhibition,IOR3,OptoD2Halo
6.30500000000029,inhibition,IOR3,OptoD2Halo
14.0299999999997,inhibition,IOR3,OptoD2Halo
4.35500000000047,inhibition,IOR3,OptoD2Halo
7.64999999999964,inhibition,IOR3,OptoD2Halo
5.14000000000033,inhibition,IOR3,OptoD2Halo
5.375,inhibition,IOR3,OptoD2Halo
6.52999999999997,inhibition,IOR3,OptoD2Halo
4.72000000000003,inhibition,IOR3,OptoD2Halo
5.92499999999995,inhibition,IOR3,OptoD2Halo
15.95,inhibition,IOR3,OptoD2Halo
6.83999999999969,inhibition,IOR3,OptoD2Halo
6.38000000000011,inhibition,IOR3,OptoD2Halo
11.1300000000001,inhibition,IOR3,OptoD2Halo
7.38000000000011,inhibition,IOR3,OptoD2Halo
13.7599999999998,inhibition,IOR3,OptoD2Halo
6.20999999999958,inhibition,IOR3,OptoD2Halo
8.00499999999965,inhibition,IOR3,OptoD2Halo
8.71499999999969,inhibition,IOR3,OptoD2Halo
8.70000000000027,inhibition,IOR3,OptoD2Halo
4.10500000000002,inhibition,IOR3,OptoD2Halo
7.67500000000018,inhibition,IOR3,OptoD2Halo
11.09,inhibition,IOR3,OptoD2Halo
13.885,inhibition,IOR3,OptoD2Halo
13.2050000000002,inhibition,IOR3,OptoD2Halo
13.9449999999999,inhibition,IOR3,OptoD2Halo
13.27,inhibition,IOR3,OptoD2Halo
14.5,inhibition,IOR3,OptoD2Halo
6.54500000000007,inhibition,IOR3,OptoD2Halo
8.4699999999998,inhibition,IOR3,OptoD2Halo
16.9099999999999,inhibition,IOR3,OptoD2Halo
7.69500000000016,inhibition,IOR3,OptoD2Halo
4.42999999999984,inhibition,IOR3,OptoD2Halo
5.34500000000025,inhibition,IOR3,OptoD2Halo
5.66000000000076,inhibition,IOR3,OptoD2Halo
8.14500000000004,inhibition,IOR3,OptoD2Halo
6.89499999999998,inhibition,IOR3,OptoD2Halo
12.5250000000001,inhibition,IOR3,OptoD2Halo
14.3849999999998,inhibition,IOR3,OptoD2Halo
13.855,inhibition,IOR3,OptoD2Halo
8.28499999999985,inhibition,IOR3,OptoD2Halo
6.57000000000016,inhibition,IOR3,OptoD2Halo
11.8949999999995,inhibition,IOR3,OptoD2Halo
16.21,inhibition,IOR3,OptoD2Halo
14.0799999999999,inhibition,IOR3,OptoD2Halo
5.48499999999999,ctrl,IOR3,OptoD2Halo
6.40499999999997,ctrl,IOR3,OptoD2Halo
2.39500000000044,ctrl,IOR3,OptoD2Halo
5.17500000000018,ctrl,IOR3,OptoD2Halo
6.59999999999991,ctrl,IOR3,OptoD2Halo
6.23000000000002,ctrl,IOR3,OptoD2Halo
2.22500000000036,ctrl,IOR3,OptoD2Halo
5.72500000000036,ctrl,IOR3,OptoD2Halo
17.615,ctrl,IOR3,OptoD2Halo
12.7199999999999,ctrl,IOR3,OptoD2Halo
6.17999999999995,ctrl,IOR3,OptoD2Halo
14.1099999999999,ctrl,IOR3,OptoD2Halo
16.5650000000001,ctrl,IOR3,OptoD2Halo
9.625,ctrl,IOR3,OptoD2Halo
5.11999999999989,ctrl,IOR3,OptoD2Halo
4.85999999999967,ctrl,IOR3,OptoD2Halo
2.09499999999935,ctrl,IOR3,OptoD2Halo
8.69500000000062,ctrl,IOR3,OptoD2Halo
10.855,ctrl,IOR3,OptoD2Halo
5.08999999999969,ctrl,IOR3,OptoD2Halo
11.2350000000001,ctrl,IOR3,OptoD2Halo
12.71,ctrl,IOR3,OptoD2Halo
5.38500000000022,ctrl,IOR3,OptoD2Halo
7.07499999999982,ctrl,IOR3,OptoD2Halo
5.46499999999969,ctrl,IOR3,OptoD2Halo
6.36499999999978,ctrl,IOR3,OptoD2Halo
13.4500000000003,ctrl,IOR3,OptoD2Halo
6.56500000000005,ctrl,IOR3,OptoD2Halo
17.8850000000002,ctrl,IOR3,OptoD2Halo
15.755,ctrl,IOR3,OptoD2Halo
16.39,ctrl,IOR3,OptoD2Halo
8.46999999999991,ctrl,IOR3,OptoD2Halo
4.69000000000005,ctrl,IOR3,OptoD2Halo
8.44499999999994,ctrl,IOR3,OptoD2Halo
8.12000000000012,ctrl,IOR3,OptoD2Halo
7.23000000000002,ctrl,IOR3,OptoD2Halo
5.66999999999962,ctrl,IOR3,OptoD2Halo
14.7200000000003,ctrl,IOR3,OptoD2Halo
6.48000000000002,ctrl,IOR3,OptoD2Halo
5.0949999999998,ctrl,IOR3,OptoD2Halo
7.48500000000013,ctrl,IOR3,OptoD2Halo
14.2300000000005,ctrl,IOR3,OptoD2Halo
7.40499999999997,ctrl,IOR3,OptoD2Halo
11.375,ctrl,IOR3,OptoD2Halo
8.08000000000004,ctrl,IOR3,OptoD2Halo
5.15999999999985,ctrl,IOR3,OptoD2Halo
8.8100000000004,ctrl,IOR3,OptoD2Halo
5.33500000000004,ctrl,IOR3,OptoD2Halo
5.20000000000027,ctrl,IOR3,OptoD2Halo
14.04,ctrl,IOR3,OptoD2Halo
6.07999999999993,ctrl,IOR3,OptoD2Halo
14.0649999999996,ctrl,IOR3,OptoD2Halo
10.2150000000001,ctrl,IOR3,OptoD2Halo
18.4,ctrl,IOR3,OptoD2Halo
6.35500000000002,ctrl,IOR3,OptoD2Halo
7.63499999999999,ctrl,IOR3,OptoD2Halo
5.8599999999999,ctrl,IOR3,OptoD2Halo
6.22000000000003,ctrl,IOR3,OptoD2Halo
7.27999999999997,ctrl,IOR3,OptoD2Halo
3.45499999999993,ctrl,IOR3,OptoD2Halo
15.8500000000001,ctrl,IOR3,OptoD2Halo
8.5,ctrl,IOR3,OptoD2Halo
7.13000000000011,ctrl,IOR3,OptoD2Halo
4.56500000000005,ctrl,IOR3,OptoD2Halo
4.17500000000018,ctrl,IOR3,OptoD2Halo
14.1099999999997,ctrl,IOR3,OptoD2Halo
7.98000000000002,ctrl,IOR3,OptoD2Halo
9.25999999999976,ctrl,IOR3,OptoD2Halo
9.64499999999998,ctrl,IOR3,OptoD2Halo
7.07999999999993,ctrl,IOR3,OptoD2Halo
16.54,ctrl,IOR3,OptoD2Halo
5.495,inhibition,SL10,OptoD2Halo
11.04,inhibition,SL10,OptoD2Halo
17.1949999999999,inhibition,SL10,OptoD2Halo
13.74,inhibition,SL10,OptoD2Halo
10.0899999999999,inhibition,SL10,OptoD2Halo
5.84000000000015,inhibition,SL10,OptoD2Halo
7.31999999999994,inhibition,SL10,OptoD2Halo
5.1400000000001,inhibition,SL10,OptoD2Halo
9.80000000000018,inhibition,SL10,OptoD2Halo
11.3500000000004,inhibition,SL10,OptoD2Halo
17.3000000000002,inhibition,SL10,OptoD2Halo
11.5549999999998,inhibition,SL10,OptoD2Halo
5.005,inhibition,SL10,OptoD2Halo
6.67999999999995,inhibition,SL10,OptoD2Halo
10.28,inhibition,SL10,OptoD2Halo
8.58500000000004,inhibition,SL10,OptoD2Halo
17.2450000000001,inhibition,SL10,OptoD2Halo
10.4049999999997,inhibition,SL10,OptoD2Halo
9.85500000000002,inhibition,SL10,OptoD2Halo
2.73500000000013,inhibition,SL10,OptoD2Halo
9.68499999999995,inhibition,SL10,OptoD2Halo
5.17999999999984,inhibition,SL10,OptoD2Halo
15.2650000000003,inhibition,SL10,OptoD2Halo
7.17999999999984,inhibition,SL10,OptoD2Halo
5.48999999999978,inhibition,SL10,OptoD2Halo
17.9349999999995,inhibition,SL10,OptoD2Halo
14.9849999999997,inhibition,SL10,OptoD2Halo
2.40499999999975,inhibition,SL10,OptoD2Halo
11.58,inhibition,SL10,OptoD2Halo
7.67499999999995,inhibition,SL10,OptoD2Halo
6.63,inhibition,SL10,OptoD2Halo
13.085,inhibition,SL10,OptoD2Halo
8.34500000000003,inhibition,SL10,OptoD2Halo
9.93499999999995,inhibition,SL10,OptoD2Halo
10.4849999999999,inhibition,SL10,OptoD2Halo
10.7750000000001,inhibition,SL10,OptoD2Halo
9.43499999999995,inhibition,SL10,OptoD2Halo
9.78999999999996,inhibition,SL10,OptoD2Halo
9.64499999999998,inhibition,SL10,OptoD2Halo
10.6850000000004,inhibition,SL10,OptoD2Halo
3.69999999999982,inhibition,SL10,OptoD2Halo
7.33500000000004,inhibition,SL10,OptoD2Halo
7.66499999999996,inhibition,SL10,OptoD2Halo
6.85,inhibition,SL10,OptoD2Halo
4.44,inhibition,SL10,OptoD2Halo
4.96999999999991,inhibition,SL10,OptoD2Halo
9.65999999999997,inhibition,SL10,OptoD2Halo
5.00999999999999,inhibition,SL10,OptoD2Halo
7.84500000000003,inhibition,SL10,OptoD2Halo
3.01999999999998,inhibition,SL10,OptoD2Halo
11.4150000000004,inhibition,SL10,OptoD2Halo
3.56500000000005,inhibition,SL10,OptoD2Halo
8.66499999999996,inhibition,SL10,OptoD2Halo
6.02500000000009,inhibition,SL10,OptoD2Halo
5.55499999999984,inhibition,SL10,OptoD2Halo
5.39499999999998,inhibition,SL10,OptoD2Halo
6.40000000000009,inhibition,SL10,OptoD2Halo
4.20499999999993,inhibition,SL10,OptoD2Halo
9.45499999999993,inhibition,SL10,OptoD2Halo
13.04,inhibition,SL10,OptoD2Halo
10.6000000000004,inhibition,SL10,OptoD2Halo
11.2449999999999,inhibition,SL10,OptoD2Halo
6.22500000000036,inhibition,SL10,OptoD2Halo
10.345,inhibition,SL10,OptoD2Halo
12.585,inhibition,SL10,OptoD2Halo
15.22,inhibition,SL10,OptoD2Halo
8.64499999999998,inhibition,SL10,OptoD2Halo
4.56499999999983,inhibition,SL10,OptoD2Halo
5.51000000000022,inhibition,SL10,OptoD2Halo
15.7649999999999,inhibition,SL10,OptoD2Halo
10.7400000000007,inhibition,SL10,OptoD2Halo
8.59500000000025,inhibition,SL10,OptoD2Halo
9.15499999999997,ctrl,SL10,OptoD2Halo
2.88999999999999,ctrl,SL10,OptoD2Halo
16.045,ctrl,SL10,OptoD2Halo
4.99000000000001,ctrl,SL10,OptoD2Halo
3.96500000000003,ctrl,SL10,OptoD2Halo
4.28000000000009,ctrl,SL10,OptoD2Halo
3.18000000000006,ctrl,SL10,OptoD2Halo
16.4849999999999,ctrl,SL10,OptoD2Halo
13.5699999999999,ctrl,SL10,OptoD2Halo
4.65499999999997,ctrl,SL10,OptoD2Halo
6.23999999999978,ctrl,SL10,OptoD2Halo
7.44000000000005,ctrl,SL10,OptoD2Halo
4.86500000000024,ctrl,SL10,OptoD2Halo
6.00999999999976,ctrl,SL10,OptoD2Halo
4.41999999999962,ctrl,SL10,OptoD2Halo
11.3249999999998,ctrl,SL10,OptoD2Halo
5.06999999999994,ctrl,SL10,OptoD2Halo
9.76999999999998,ctrl,SL10,OptoD2Halo
4.28999999999996,ctrl,SL10,OptoD2Halo
5.82999999999993,ctrl,SL10,OptoD2Halo
5.59000000000015,ctrl,SL10,OptoD2Halo
6.55499999999984,ctrl,SL10,OptoD2Halo
4.89000000000033,ctrl,SL10,OptoD2Halo
6.76499999999987,ctrl,SL10,OptoD2Halo
13.8150000000001,ctrl,SL10,OptoD2Halo
16.8300000000004,ctrl,SL10,OptoD2Halo
5.02499999999964,ctrl,SL10,OptoD2Halo
4.00000000000001,ctrl,SL10,OptoD2Halo
4.23500000000001,ctrl,SL10,OptoD2Halo
6.40499999999997,ctrl,SL10,OptoD2Halo
6.11500000000001,ctrl,SL10,OptoD2Halo
14.865,ctrl,SL10,OptoD2Halo
6.63000000000011,ctrl,SL10,OptoD2Halo
6.67000000000007,ctrl,SL10,OptoD2Halo
11.9699999999998,ctrl,SL10,OptoD2Halo
7.94000000000005,ctrl,SL10,OptoD2Halo
16.3499999999999,ctrl,SL10,OptoD2Halo
9.30999999999995,ctrl,SL10,OptoD2Halo
10.875,ctrl,SL10,OptoD2Halo
7.60499999999956,ctrl,SL10,OptoD2Halo
9.06500000000005,ctrl,SL10,OptoD2Halo
3.82000000000005,ctrl,SL10,OptoD2Halo
8.22499999999991,ctrl,SL10,OptoD2Halo
5.1099999999999,ctrl,SL10,OptoD2Halo
5.4849999999999,ctrl,SL10,OptoD2Halo
8.54499999999985,ctrl,SL10,OptoD2Halo
6.05999999999995,ctrl,SL10,OptoD2Halo
12.4349999999999,ctrl,SL10,OptoD2Halo
9.44000000000005,ctrl,SL10,OptoD2Halo
6.50999999999976,ctrl,SL10,OptoD2Halo
4.24000000000024,ctrl,SL10,OptoD2Halo
9.95000000000027,ctrl,SL10,OptoD2Halo
7.91499999999996,ctrl,SL10,OptoD2Halo
14.0100000000002,ctrl,SL10,OptoD2Halo
7.79500000000007,ctrl,SL10,OptoD2Halo
11.065,ctrl,SL10,OptoD2Halo
7.70000000000005,ctrl,SL10,OptoD2Halo
13.855,ctrl,SL10,OptoD2Halo
6.44499999999994,ctrl,SL10,OptoD2Halo
5.94500000000016,ctrl,SL10,OptoD2Halo
3.66499999999996,ctrl,SL10,OptoD2Halo
7.86,inhibition,SL3,OptoD2Halo
8.51499999999987,inhibition,SL3,OptoD2Halo
11.455,inhibition,SL3,OptoD2Halo
9.21499999999992,inhibition,SL3,OptoD2Halo
8.375,inhibition,SL3,OptoD2Halo
12.6149999999998,inhibition,SL3,OptoD2Halo
9.82499999999982,inhibition,SL3,OptoD2Halo
8.66499999999996,inhibition,SL3,OptoD2Halo
16.3,inhibition,SL3,OptoD2Halo
4.52999999999997,inhibition,SL3,OptoD2Halo
5.02500000000009,inhibition,SL3,OptoD2Halo
14.625,inhibition,SL3,OptoD2Halo
10.4449999999997,inhibition,SL3,OptoD2Halo
6.045,inhibition,SL3,OptoD2Halo
12.585,inhibition,SL3,OptoD2Halo
12.18,inhibition,SL3,OptoD2Halo
4.42499999999995,inhibition,SL3,OptoD2Halo
6.90000000000009,inhibition,SL3,OptoD2Halo
3.5300000000002,inhibition,SL3,OptoD2Halo
10.4099999999999,inhibition,SL3,OptoD2Halo
12.7850000000003,inhibition,SL3,OptoD2Halo
8.44500000000016,inhibition,SL3,OptoD2Halo
9.15499999999975,inhibition,SL3,OptoD2Halo
9.86500000000001,inhibition,SL3,OptoD2Halo
12.2849999999999,inhibition,SL3,OptoD2Halo
13.9250000000002,inhibition,SL3,OptoD2Halo
8.31000000000017,inhibition,SL3,OptoD2Halo
4.14999999999986,inhibition,SL3,OptoD2Halo
7.78499999999985,inhibition,SL3,OptoD2Halo
9.24000000000024,inhibition,SL3,OptoD2Halo
11.4400000000001,inhibition,SL3,OptoD2Halo
8.07499999999982,inhibition,SL3,OptoD2Halo
11.7,inhibition,SL3,OptoD2Halo
12.51,inhibition,SL3,OptoD2Halo
10.4899999999999,inhibition,SL3,OptoD2Halo
18.375,inhibition,SL3,OptoD2Halo
7.04500000000007,inhibition,SL3,OptoD2Halo
11.1950000000006,inhibition,SL3,OptoD2Halo
10.355,inhibition,SL3,OptoD2Halo
11.1200000000001,inhibition,SL3,OptoD2Halo
11.77,inhibition,SL3,OptoD2Halo
9.48500000000001,ctrl,SL3,OptoD2Halo
10.6899999999998,ctrl,SL3,OptoD2Halo
5.33500000000004,ctrl,SL3,OptoD2Halo
5.75,ctrl,SL3,OptoD2Halo
10.3399999999997,ctrl,SL3,OptoD2Halo
7.71500000000015,ctrl,SL3,OptoD2Halo
16.535,ctrl,SL3,OptoD2Halo
7.02500000000009,ctrl,SL3,OptoD2Halo
11.6599999999999,ctrl,SL3,OptoD2Halo
9.22999999999956,ctrl,SL3,OptoD2Halo
18.1450000000004,ctrl,SL3,OptoD2Halo
3.22000000000003,ctrl,SL3,OptoD2Halo
5.75,ctrl,SL3,OptoD2Halo
10.085,ctrl,SL3,OptoD2Halo
10.4200000000001,ctrl,SL3,OptoD2Halo
9.30000000000018,ctrl,SL3,OptoD2Halo
15.3099999999999,ctrl,SL3,OptoD2Halo
12.3450000000003,ctrl,SL3,OptoD2Halo
17.9049999999997,ctrl,SL3,OptoD2Halo
7.73500000000013,ctrl,SL3,OptoD2Halo
8.02500000000009,ctrl,SL3,OptoD2Halo
11.415,ctrl,SL3,OptoD2Halo
7.19,ctrl,SL3,OptoD2Halo
7.48500000000001,ctrl,SL3,OptoD2Halo
8.56500000000005,ctrl,SL3,OptoD2Halo
6.90999999999997,ctrl,SL3,OptoD2Halo
7.59999999999991,ctrl,SL3,OptoD2Halo
7.29499999999985,ctrl,SL3,OptoD2Halo
10.7049999999999,ctrl,SL3,OptoD2Halo
10.59,ctrl,SL3,OptoD2Halo
9.3599999999999,ctrl,SL3,OptoD2Halo
10.0599999999999,ctrl,SL3,OptoD2Halo
3.38000000000011,ctrl,SL3,OptoD2Halo
10.2849999999999,ctrl,SL3,OptoD2Halo
7.63499999999976,ctrl,SL3,OptoD2Halo
9.97500000000036,ctrl,SL3,OptoD2Halo
10.5900000000001,ctrl,SL3,OptoD2Halo
13.29,ctrl,SL3,OptoD2Halo
7.95500000000001,ctrl,SL3,OptoD2Halo
13.6899999999999,ctrl,SL3,OptoD2Halo
10.0449999999998,ctrl,SL3,OptoD2Halo
7.31999999999994,ctrl,SL3,OptoD2Halo
13.1150000000007,ctrl,SL3,OptoD2Halo
6.75,ctrl,SL3,OptoD2Halo
8.81999999999971,ctrl,SL3,OptoD2Halo
6.97500000000036,ctrl,SL3,OptoD2Halo
10.5,ctrl,SL3,OptoD2Halo
12.74,ctrl,SL3,OptoD2Halo
7.10500000000002,ctrl,SL3,OptoD2Halo
4.43499999999995,ctrl,SL3,OptoD2Halo
7.32499999999982,ctrl,SL3,OptoD2Halo
11.2200000000003,ctrl,SL3,OptoD2Halo
14.6650000000001,ctrl,SL3,OptoD2Halo
17.9400000000001,ctrl,SL3,OptoD2Halo
14.6999999999998,ctrl,SL3,OptoD2Halo
5.25999999999999,ctrl,SL3,OptoD2Halo
7.24500000000035,ctrl,SL3,OptoD2Halo
8.89499999999998,ctrl,SL3,OptoD2Halo
14.4800000000005,ctrl,SL3,OptoD2Halo
8.47499999999991,ctrl,SL3,OptoD2Halo
14.7349999999999,ctrl,SL3,OptoD2Halo
10.9349999999999,ctrl,SL3,OptoD2Halo
15.8200000000002,ctrl,SL3,OptoD2Halo
10.9449999999997,ctrl,SL3,OptoD2Halo
9.94499999999971,ctrl,SL3,OptoD2Halo
11.5050000000001,inhibition,SL6,OptoD2Halo
16.6150000000002,inhibition,SL6,OptoD2Halo
13.6599999999999,inhibition,SL6,OptoD2Halo
12.2449999999999,inhibition,SL6,OptoD2Halo
15.7400000000007,inhibition,SL6,OptoD2Halo
10.9099999999999,inhibition,SL6,OptoD2Halo
13.165,inhibition,SL6,OptoD2Halo
11.27,inhibition,SL6,OptoD2Halo
9.43,inhibition,SL6,OptoD2Halo
14.8250000000003,inhibition,SL6,OptoD2Halo
11.0650000000001,inhibition,SL6,OptoD2Halo
5.62000000000035,inhibition,SL6,OptoD2Halo
10.8600000000006,inhibition,SL6,OptoD2Halo
7.2199999999998,inhibition,SL6,OptoD2Halo
11.3999999999996,inhibition,SL6,OptoD2Halo
10.1000000000004,inhibition,SL6,OptoD2Halo
11.4449999999999,inhibition,SL6,OptoD2Halo
9.68999999999983,inhibition,SL6,OptoD2Halo
10.0500000000002,inhibition,SL6,OptoD2Halo
9.34999999999999,inhibition,SL6,OptoD2Halo
5.39499999999998,inhibition,SL6,OptoD2Halo
13.645,inhibition,SL6,OptoD2Halo
4.80999999999995,inhibition,SL6,OptoD2Halo
8.74000000000024,inhibition,SL6,OptoD2Halo
9.125,inhibition,SL6,OptoD2Halo
14.745,inhibition,SL6,OptoD2Halo
3.85000000000014,inhibition,SL6,OptoD2Halo
12.9150000000004,inhibition,SL6,OptoD2Halo
7.10000000000036,inhibition,SL6,OptoD2Halo
9.07500000000005,inhibition,SL6,OptoD2Halo
8.80500000000006,inhibition,SL6,OptoD2Halo
8.13499999999976,inhibition,SL6,OptoD2Halo
13.5549999999994,inhibition,SL6,OptoD2Halo
5.83499999999992,ctrl,SL6,OptoD2Halo
10.6149999999998,ctrl,SL6,OptoD2Halo
14.5500000000002,ctrl,SL6,OptoD2Halo
9.86000000000013,ctrl,SL6,OptoD2Halo
7.91499999999996,ctrl,SL6,OptoD2Halo
10.5250000000001,ctrl,SL6,OptoD2Halo
7.66499999999996,ctrl,SL6,OptoD2Halo
8.29500000000007,ctrl,SL6,OptoD2Halo
7.90000000000009,ctrl,SL6,OptoD2Halo
15.5050000000001,ctrl,SL6,OptoD2Halo
6.19999999999982,ctrl,SL6,OptoD2Halo
10.605,ctrl,SL6,OptoD2Halo
11.0250000000005,ctrl,SL6,OptoD2Halo
11.325,ctrl,SL6,OptoD2Halo
8.05500000000001,ctrl,SL6,OptoD2Halo
8.87999999999988,ctrl,SL6,OptoD2Halo
10.2850000000003,ctrl,SL6,OptoD2Halo
10.2649999999999,ctrl,SL6,OptoD2Halo
8.60999999999967,ctrl,SL6,OptoD2Halo
10.2000000000007,ctrl,SL6,OptoD2Halo
6.09000000000015,ctrl,SL6,OptoD2Halo
4.33500000000004,ctrl,SL6,OptoD2Halo
6.86500000000024,ctrl,SL6,OptoD2Halo
10.0949999999998,ctrl,SL6,OptoD2Halo
12.7600000000002,ctrl,SL6,OptoD2Halo
12.4549999999999,ctrl,SL6,OptoD2Halo
5.97500000000036,ctrl,SL6,OptoD2Halo
12.185,ctrl,SL6,OptoD2Halo
11.7499999999998,ctrl,SL6,OptoD2Halo
5.90999999999985,ctrl,SL6,OptoD2Halo
2.9050000000002,ctrl,SL6,OptoD2Halo
7.71500000000015,ctrl,SL6,OptoD2Halo
3.46000000000004,ctrl,SL6,OptoD2Halo
6.725,ctrl,SL6,OptoD2Halo
4.4799999999999,ctrl,SL6,OptoD2Halo
11.7800000000002,ctrl,SL6,OptoD2Halo
4.60499999999956,ctrl,SL6,OptoD2Halo
12.89,ctrl,SL6,OptoD2Halo
12.9300000000003,ctrl,SL6,OptoD2Halo
6.18000000000029,ctrl,SL6,OptoD2Halo
3.61499999999978,ctrl,SL6,OptoD2Halo
7.27999999999975,ctrl,SL6,OptoD2Halo
4.0649999999996,ctrl,SL6,OptoD2Halo
10.45,ctrl,SL6,OptoD2Halo
5.995,ctrl,SL6,OptoD2Halo
3.26000000000022,ctrl,SL6,OptoD2Halo
15.72,ctrl,SL6,OptoD2Halo
7.20999999999981,ctrl,SL6,OptoD2Halo
8.88000000000011,ctrl,SL6,OptoD2Halo
8.05500000000029,ctrl,SL6,OptoD2Halo
6.6550000000002,ctrl,SL6,OptoD2Halo
14.9849999999999,ctrl,SL6,OptoD2Halo
9.72000000000003,ctrl,SL6,OptoD2Halo
10.75,ctrl,SL6,OptoD2Halo
7.59000000000015,ctrl,SL6,OptoD2Halo
3.51000000000022,ctrl,SL6,OptoD2Halo
5.02500000000009,ctrl,SL6,OptoD2Halo
7.80999999999995,ctrl,SL6,OptoD2Halo
6.84000000000015,ctrl,SL6,OptoD2Halo
7.14499999999953,ctrl,SL6,OptoD2Halo
7.61999999999989,ctrl,SL6,OptoD2Halo
5.65000000000055,ctrl,SL6,OptoD2Halo
11.5050000000001,ctrl,SL6,OptoD2Halo
13.11,inhibition,SL8,OptoD2Halo
14.005,inhibition,SL8,OptoD2Halo
11.5450000000001,inhibition,SL8,OptoD2Halo
13.0899999999999,inhibition,SL8,OptoD2Halo
8.86000000000001,inhibition,SL8,OptoD2Halo
13.4400000000001,inhibition,SL8,OptoD2Halo
15.2750000000001,inhibition,SL8,OptoD2Halo
6.41499999999996,inhibition,SL8,OptoD2Halo
13.575,inhibition,SL8,OptoD2Halo
9.73999999999978,inhibition,SL8,OptoD2Halo
9.19999999999982,inhibition,SL8,OptoD2Halo
12.21,inhibition,SL8,OptoD2Halo
11,inhibition,SL8,OptoD2Halo
8.54499999999962,inhibition,SL8,OptoD2Halo
10.8299999999999,inhibition,SL8,OptoD2Halo
10.2400000000002,inhibition,SL8,OptoD2Halo
9.8449999999998,inhibition,SL8,OptoD2Halo
8.98499999999967,inhibition,SL8,OptoD2Halo
11.7199999999993,inhibition,SL8,OptoD2Halo
11.7949999999992,inhibition,SL8,OptoD2Halo
14.625,inhibition,SL8,OptoD2Halo
9.14999999999964,inhibition,SL8,OptoD2Halo
8.45499999999993,inhibition,SL8,OptoD2Halo
15.4099999999999,inhibition,SL8,OptoD2Halo
16.27,inhibition,SL8,OptoD2Halo
7.77999999999997,inhibition,SL8,OptoD2Halo
12.02,inhibition,SL8,OptoD2Halo
9.00999999999976,inhibition,SL8,OptoD2Halo
9.77500000000009,inhibition,SL8,OptoD2Halo
12.6549999999997,inhibition,SL8,OptoD2Halo
7.20499999999993,inhibition,SL8,OptoD2Halo
17.1699999999996,inhibition,SL8,OptoD2Halo
7.61499999999978,inhibition,SL8,OptoD2Halo
6.34000000000015,inhibition,SL8,OptoD2Halo
13.335,inhibition,SL8,OptoD2Halo
8.61500000000001,inhibition,SL8,OptoD2Halo
7.14499999999998,inhibition,SL8,OptoD2Halo
8.70500000000015,inhibition,SL8,OptoD2Halo
8.86999999999989,inhibition,SL8,OptoD2Halo
8.46000000000004,inhibition,SL8,OptoD2Halo
7.5,inhibition,SL8,OptoD2Halo
16.6900000000001,inhibition,SL8,OptoD2Halo
9.91499999999996,inhibition,SL8,OptoD2Halo
8.90499999999975,inhibition,SL8,OptoD2Halo
7.83000000000038,inhibition,SL8,OptoD2Halo
7.25,inhibition,SL8,OptoD2Halo
12.8849999999998,inhibition,SL8,OptoD2Halo
8.74500000000035,inhibition,SL8,OptoD2Halo
9.91499999999996,inhibition,SL8,OptoD2Halo
15.25,inhibition,SL8,OptoD2Halo
11.7149999999992,inhibition,SL8,OptoD2Halo
11.7849999999999,inhibition,SL8,OptoD2Halo
8.72000000000025,inhibition,SL8,OptoD2Halo
11.04,inhibition,SL8,OptoD2Halo
7.45499999999993,inhibition,SL8,OptoD2Halo
8.29500000000007,inhibition,SL8,OptoD2Halo
6.49000000000069,inhibition,SL8,OptoD2Halo
5.70499999999993,inhibition,SL8,OptoD2Halo
6.30000000000018,inhibition,SL8,OptoD2Halo
8.94499999999971,inhibition,SL8,OptoD2Halo
11.8850000000002,inhibition,SL8,OptoD2Halo
3.77499999999998,inhibition,SL8,OptoD2Halo
8.42500000000001,inhibition,SL8,OptoD2Halo
13.6550000000001,inhibition,SL8,OptoD2Halo
13.645,inhibition,SL8,OptoD2Halo
8.75999999999999,inhibition,SL8,OptoD2Halo
7.88499999999999,inhibition,SL8,OptoD2Halo
8.71000000000004,inhibition,SL8,OptoD2Halo
4.94500000000016,inhibition,SL8,OptoD2Halo
10.21,inhibition,SL8,OptoD2Halo
15.0499999999997,inhibition,SL8,OptoD2Halo
12.1399999999999,inhibition,SL8,OptoD2Halo
6.10500000000047,inhibition,SL8,OptoD2Halo
12.6550000000007,inhibition,SL8,OptoD2Halo
12.165,inhibition,SL8,OptoD2Halo
15.8849999999993,inhibition,SL8,OptoD2Halo
5.35500000000047,inhibition,SL8,OptoD2Halo
12.0150000000003,inhibition,SL8,OptoD2Halo
7.13000000000011,inhibition,SL8,OptoD2Halo
9.70499999999998,inhibition,SL8,OptoD2Halo
10.91,inhibition,SL8,OptoD2Halo
9.21000000000004,inhibition,SL8,OptoD2Halo
10.505,inhibition,SL8,OptoD2Halo
8.01999999999998,inhibition,SL8,OptoD2Halo
5.24000000000001,inhibition,SL8,OptoD2Halo
6.42000000000007,inhibition,SL8,OptoD2Halo
9.72000000000025,inhibition,SL8,OptoD2Halo
11.7799999999997,inhibition,SL8,OptoD2Halo
4.6550000000002,inhibition,SL8,OptoD2Halo
16.4349999999999,inhibition,SL8,OptoD2Halo
7.46500000000015,inhibition,SL8,OptoD2Halo
9.48000000000002,inhibition,SL8,OptoD2Halo
6.33500000000004,inhibition,SL8,OptoD2Halo
10.855,inhibition,SL8,OptoD2Halo
7.70499999999993,inhibition,SL8,OptoD2Halo
6.72499999999991,inhibition,SL8,OptoD2Halo
9.82000000000016,inhibition,SL8,OptoD2Halo
9.01999999999998,inhibition,SL8,OptoD2Halo
13.0150000000003,inhibition,SL8,OptoD2Halo
12.105,inhibition,SL8,OptoD2Halo
6.66999999999996,inhibition,SL8,OptoD2Halo
13.4650000000001,inhibition,SL8,OptoD2Halo
13.1700000000001,inhibition,SL8,OptoD2Halo
12.6700000000001,inhibition,SL8,OptoD2Halo
9.74499999999989,inhibition,SL8,OptoD2Halo
6.17499999999973,inhibition,SL8,OptoD2Halo
7.1550000000002,inhibition,SL8,OptoD2Halo
9.98500000000013,inhibition,SL8,OptoD2Halo
15.71,inhibition,SL8,OptoD2Halo
11.7799999999997,inhibition,SL8,OptoD2Halo
13.5450000000001,inhibition,SL8,OptoD2Halo
9.02999999999975,inhibition,SL8,OptoD2Halo
10.1400000000003,inhibition,SL8,OptoD2Halo
11.0749999999998,inhibition,SL8,OptoD2Halo
12.0150000000003,inhibition,SL8,OptoD2Halo
8.23000000000047,inhibition,SL8,OptoD2Halo
12.9800000000005,inhibition,SL8,OptoD2Halo
14.2,inhibition,SL8,OptoD2Halo
7.92500000000018,inhibition,SL8,OptoD2Halo
11.3650000000002,inhibition,SL8,OptoD2Halo
8.76500000000033,inhibition,SL8,OptoD2Halo
7.81999999999971,inhibition,SL8,OptoD2Halo
9.15000000000009,inhibition,SL8,OptoD2Halo
11.3249999999998,inhibition,SL8,OptoD2Halo
11.895,ctrl,SL8,OptoD2Halo
10.3950000000001,ctrl,SL8,OptoD2Halo
6.93999999999994,ctrl,SL8,OptoD2Halo
14.63,ctrl,SL8,OptoD2Halo
7.55500000000006,ctrl,SL8,OptoD2Halo
12.6700000000001,ctrl,SL8,OptoD2Halo
14.4300000000001,ctrl,SL8,OptoD2Halo
13.1750000000002,ctrl,SL8,OptoD2Halo
15.1600000000001,ctrl,SL8,OptoD2Halo
9.08999999999992,ctrl,SL8,OptoD2Halo
10.0699999999997,ctrl,SL8,OptoD2Halo
5.00500000000011,ctrl,SL8,OptoD2Halo
10.8699999999999,ctrl,SL8,OptoD2Halo
12.835,ctrl,SL8,OptoD2Halo
8.59999999999991,ctrl,SL8,OptoD2Halo
8.61499999999978,ctrl,SL8,OptoD2Halo
13.1700000000001,ctrl,SL8,OptoD2Halo
6.55000000000018,ctrl,SL8,OptoD2Halo
7.10500000000002,ctrl,SL8,OptoD2Halo
8.94999999999982,ctrl,SL8,OptoD2Halo
9.89000000000033,ctrl,SL8,OptoD2Halo
12.9949999999999,ctrl,SL8,OptoD2Halo
12.6149999999998,ctrl,SL8,OptoD2Halo
9.67500000000018,ctrl,SL8,OptoD2Halo
6.44500000000062,ctrl,SL8,OptoD2Halo
13.0649999999996,ctrl,SL8,OptoD2Halo
8.61000000000058,ctrl,SL8,OptoD2Halo
9.1450000000001,ctrl,SL8,OptoD2Halo
5.57999999999993,ctrl,SL8,OptoD2Halo
11.9949999999999,ctrl,SL8,OptoD2Halo
7.7349999999999,ctrl,SL8,OptoD2Halo
8.50999999999999,ctrl,SL8,OptoD2Halo
9.94500000000016,ctrl,SL8,OptoD2Halo
13.0099999999998,ctrl,SL8,OptoD2Halo
12.2000000000003,ctrl,SL8,OptoD2Halo
17.3149999999996,ctrl,SL8,OptoD2Halo
8.82999999999993,ctrl,SL8,OptoD2Halo
9.98000000000002,ctrl,SL8,OptoD2Halo
8.81500000000005,ctrl,SL8,OptoD2Halo
9.71000000000004,ctrl,SL8,OptoD2Halo
8.68499999999995,ctrl,SL8,OptoD2Halo
12.3800000000001,ctrl,SL8,OptoD2Halo
3.42000000000007,ctrl,SL8,OptoD2Halo
11.4000000000001,ctrl,SL8,OptoD2Halo
10.2049999999999,ctrl,SL8,OptoD2Halo
6.6850000000004,ctrl,SL8,OptoD2Halo
13.6400000000003,ctrl,SL8,OptoD2Halo
8.48999999999999,ctrl,SL8,OptoD2Halo
8.42499999999998,ctrl,SL8,OptoD2Halo
6.39500000000004,ctrl,SL8,OptoD2Halo
5.5,ctrl,SL8,OptoD2Halo
7.11000000000001,ctrl,SL8,OptoD2Halo
12.015,ctrl,SL8,OptoD2Halo
4.97000000000003,ctrl,SL8,OptoD2Halo
6.79999999999995,ctrl,SL8,OptoD2Halo
6.02999999999997,ctrl,SL8,OptoD2Halo
10.875,ctrl,SL8,OptoD2Halo
8.46000000000004,ctrl,SL8,OptoD2Halo
12.1450000000002,ctrl,SL8,OptoD2Halo
9.37000000000035,ctrl,SL8,OptoD2Halo
10.9050000000002,ctrl,SL8,OptoD2Halo
10.04,ctrl,SL8,OptoD2Halo
14.96,ctrl,SL8,OptoD2Halo
7.125,ctrl,SL8,OptoD2Halo
6.5600000000004,ctrl,SL8,OptoD2Halo
7.94499999999971,ctrl,SL8,OptoD2Halo
6.76500000000033,ctrl,SL8,OptoD2Halo
7.46999999999935,ctrl,SL8,OptoD2Halo
8.05000000000018,ctrl,SL8,OptoD2Halo
10.3450000000003,ctrl,SL8,OptoD2Halo
9.60499999999956,ctrl,SL8,OptoD2Halo
16.4350000000004,ctrl,SL8,OptoD2Halo
6.42000000000007,ctrl,SL8,OptoD2Halo
5.28499999999985,ctrl,SL8,OptoD2Halo
9.45000000000073,ctrl,SL8,OptoD2Halo
6.26500000000033,ctrl,SL8,OptoD2Halo
7.94499999999994,ctrl,SL8,OptoD2Halo
7.9849999999999,ctrl,SL8,OptoD2Halo
5.1550000000002,ctrl,SL8,OptoD2Halo
11.085,ctrl,SL8,OptoD2Halo
6.45000000000005,ctrl,SL8,OptoD2Halo
11.7550000000001,ctrl,SL8,OptoD2Halo
13.1950000000002,ctrl,SL8,OptoD2Halo
11.0799999999999,ctrl,SL8,OptoD2Halo
7.32999999999993,ctrl,SL8,OptoD2Halo
13.2250000000004,ctrl,SL8,OptoD2Halo
8.7800000000002,ctrl,SL8,OptoD2Halo
5.20499999999993,ctrl,SL8,OptoD2Halo
13.9350000000004,ctrl,SL8,OptoD2Halo
9.88000000000011,ctrl,SL8,OptoD2Halo
11.085,ctrl,SL8,OptoD2Halo
13.8199999999997,ctrl,SL8,OptoD2Halo
9.875,ctrl,SL8,OptoD2Halo
7.72999999999956,ctrl,SL8,OptoD2Halo
15.585,ctrl,SL8,OptoD2Halo
6.97000000000025,ctrl,SL8,OptoD2Halo
5.28,ctrl,SL8,OptoD2Halo
8.5,ctrl,SL8,OptoD2Halo
10.145,ctrl,SL8,OptoD2Halo
17.3500000000001,ctrl,SL8,OptoD2Halo
6.27499999999986,ctrl,SL8,OptoD2Halo
8.41000000000031,ctrl,SL8,OptoD2Halo
11.0649999999996,ctrl,SL8,OptoD2Halo
7.05499999999938,ctrl,SL8,OptoD2Halo
6.06999999999999,ctrl,SL8,OptoD2Halo
10.0550000000001,ctrl,SL8,OptoD2Halo
5.91500000000019,ctrl,SL8,OptoD2Halo
5.80499999999984,ctrl,SL8,OptoD2Halo
12.8099999999999,ctrl,SL8,OptoD2Halo
5.94499999999971,ctrl,SL8,OptoD2Halo
8.83500000000004,ctrl,SL8,OptoD2Halo
10.6399999999994,ctrl,SL8,OptoD2Halo
10.7049999999999,ctrl,SL8,OptoD2Halo
8.15499999999975,ctrl,SL8,OptoD2Halo
11.915,ctrl,SL8,OptoD2Halo
8.44000000000005,ctrl,SL8,OptoD2Halo
7.81500000000005,ctrl,SL8,OptoD2Halo
7.34500000000003,ctrl,SL8,OptoD2Halo
8.55499999999984,ctrl,SL8,OptoD2Halo
9.13999999999987,ctrl,SL8,OptoD2Halo
12.3199999999999,ctrl,SL8,OptoD2Halo
12.2950000000001,ctrl,SL8,OptoD2Halo
5.33500000000004,ctrl,SL8,OptoD2Halo
12.1100000000001,ctrl,SL8,OptoD2Halo
7.19999999999982,ctrl,SL8,OptoD2Halo
9.63999999999987,ctrl,SL8,OptoD2Halo
6.54999999999927,ctrl,SL8,OptoD2Halo
5.79500000000007,ctrl,SL8,OptoD2Halo
9.46500000000015,ctrl,SL8,OptoD2Halo
9.83500000000004,ctrl,SL8,OptoD2Halo
5.18000000000029,ctrl,SL8,OptoD2Halo
8.74000000000001,ctrl,SL8,OptoD2Halo
9.23000000000002,ctrl,SL8,OptoD2Halo
5.36500000000001,ctrl,SL8,OptoD2Halo
10.405,ctrl,SL8,OptoD2Halo
13.7900000000002,ctrl,SL8,OptoD2Halo
16.4749999999999,ctrl,SL8,OptoD2Halo
11.0450000000001,ctrl,SL8,OptoD2Halo
10.2750000000001,ctrl,SL8,OptoD2Halo
13.3099999999999,ctrl,SL8,OptoD2Halo
12.7999999999997,ctrl,SL8,OptoD2Halo
11.8150000000001,ctrl,SL8,OptoD2Halo
7.31500000000005,ctrl,SL8,OptoD2Halo
11.9150000000004,ctrl,SL8,OptoD2Halo
11.1149999999998,ctrl,SL8,OptoD2Halo
5.25,ctrl,SL8,OptoD2Halo
11.0549999999998,ctrl,SL8,OptoD2Halo
7.28500000000031,ctrl,SL8,OptoD2Halo
6,ctrl,SL8,OptoD2Halo
7.79499999999962,ctrl,SL8,OptoD2Halo
12.7150000000001,ctrl,SL8,OptoD2Halo
11.7449999999999,ctrl,SL8,OptoD2Halo
9.1850000000004,ctrl,SL8,OptoD2Halo
6.32499999999982,ctrl,SL8,OptoD2Halo
6.61000000000058,ctrl,SL8,OptoD2Halo
5.5,ctrl,SL8,OptoD2Halo
5.6850000000004,ctrl,SL8,OptoD2Halo
7.56500000000051,ctrl,SL8,OptoD2Halo
12.2350000000006,ctrl,SL8,OptoD2Halo
9.58,inhibition,SL9,OptoD2Halo
9.16499999999996,inhibition,SL9,OptoD2Halo
10.88,inhibition,SL9,OptoD2Halo
8.15999999999997,inhibition,SL9,OptoD2Halo
11.58,inhibition,SL9,OptoD2Halo
5.80999999999995,inhibition,SL9,OptoD2Halo
15.2850000000001,inhibition,SL9,OptoD2Halo
9.99000000000001,inhibition,SL9,OptoD2Halo
14.665,inhibition,SL9,OptoD2Halo
12.0500000000002,inhibition,SL9,OptoD2Halo
7.80499999999984,inhibition,SL9,OptoD2Halo
8.13500000000022,inhibition,SL9,OptoD2Halo
8.80499999999984,inhibition,SL9,OptoD2Halo
9.76499999999987,inhibition,SL9,OptoD2Halo
12.1350000000002,inhibition,SL9,OptoD2Halo
13.8449999999998,inhibition,SL9,OptoD2Halo
7.99499999999989,inhibition,SL9,OptoD2Halo
11.8599999999997,inhibition,SL9,OptoD2Halo
8.59500000000025,inhibition,SL9,OptoD2Halo
7.02500000000055,inhibition,SL9,OptoD2Halo
5.81,ctrl,SL9,OptoD2Halo
10.085,ctrl,SL9,OptoD2Halo
8.21000000000004,ctrl,SL9,OptoD2Halo
12.1850000000001,ctrl,SL9,OptoD2Halo
6.85500000000002,ctrl,SL9,OptoD2Halo
6.66500000000019,ctrl,SL9,OptoD2Halo
6.96499999999992,ctrl,SL9,OptoD2Halo
8.35500000000002,ctrl,SL9,OptoD2Halo
15.1750000000002,ctrl,SL9,OptoD2Halo
12.0999999999999,ctrl,SL9,OptoD2Halo
6.97000000000003,ctrl,SL9,OptoD2Halo
9.75500000000011,ctrl,SL9,OptoD2Halo
5.66499999999996,ctrl,SL9,OptoD2Halo
4.29500000000007,ctrl,SL9,OptoD2Halo
8.14000000000033,ctrl,SL9,OptoD2Halo
10.2950000000001,ctrl,SL9,OptoD2Halo
8.00500000000011,ctrl,SL9,OptoD2Halo
4.55000000000018,ctrl,SL9,OptoD2Halo
7.85000000000036,ctrl,SL9,OptoD2Halo
14.06,inhibition,SR1,OptoD2Halo
10.4,inhibition,SR1,OptoD2Halo
10.825,inhibition,SR1,OptoD2Halo
12.4850000000001,inhibition,SR1,OptoD2Halo
10.5799999999999,inhibition,SR1,OptoD2Halo
11.585,inhibition,SR1,OptoD2Halo
8.38500000000022,inhibition,SR1,OptoD2Halo
8.96000000000004,inhibition,SR1,OptoD2Halo
11.7050000000004,inhibition,SR1,OptoD2Halo
13.52,inhibition,SR1,OptoD2Halo
9.46500000000015,inhibition,SR1,OptoD2Halo
6.26000000000022,inhibition,SR1,OptoD2Halo
4.86499999999978,inhibition,SR1,OptoD2Halo
9.86499999999978,inhibition,SR1,OptoD2Halo
10.0999999999995,inhibition,SR1,OptoD2Halo
10.2550000000001,inhibition,SR1,OptoD2Halo
8.60500000000047,inhibition,SR1,OptoD2Halo
16.395,inhibition,SR1,OptoD2Halo
6.17500000000018,inhibition,SR1,OptoD2Halo
6.66499999999996,ctrl,SR1,OptoD2Halo
11.355,ctrl,SR1,OptoD2Halo
14.6300000000001,ctrl,SR1,OptoD2Halo
13.0049999999997,ctrl,SR1,OptoD2Halo
14.105,ctrl,SR1,OptoD2Halo
10.16,ctrl,SR1,OptoD2Halo
10.355,ctrl,SR1,OptoD2Halo
8.96999999999997,ctrl,SR1,OptoD2Halo
7.90999999999997,ctrl,SR1,OptoD2Halo
12.765,ctrl,SR1,OptoD2Halo
6.96000000000004,ctrl,SR1,OptoD2Halo
10.335,ctrl,SR1,OptoD2Halo
10.385,ctrl,SR1,OptoD2Halo
9.29500000000007,ctrl,SR1,OptoD2Halo
7.17499999999995,ctrl,SR1,OptoD2Halo
11.3200000000002,ctrl,SR1,OptoD2Halo
13.8699999999999,ctrl,SR1,OptoD2Halo
5.44500000000016,ctrl,SR1,OptoD2Halo
15.04,ctrl,SR1,OptoD2Halo
10.3900000000003,ctrl,SR1,OptoD2Halo
6.54500000000007,ctrl,SR1,OptoD2Halo
7.53999999999996,ctrl,SR1,OptoD2Halo
8.68499999999949,ctrl,SR1,OptoD2Halo
10.4399999999996,ctrl,SR1,OptoD2Halo
5.78000000000065,ctrl,SR1,OptoD2Halo
11.1450000000004,ctrl,SR1,OptoD2Halo
4.44000000000051,ctrl,SR1,OptoD2Halo
6,ctrl,SR1,OptoD2Halo
11.4199999999992,ctrl,SR1,OptoD2Halo
6.9399999999996,ctrl,SR1,OptoD2Halo
7.03999999999996,ctrl,SR1,OptoD2Halo
11.3000000000002,ctrl,SR1,OptoD2Halo
7.78999999999996,ctrl,SR1,OptoD2Halo
3.6299999999992,ctrl,SR1,OptoD2Halo
10.7399999999998,ctrl,SR1,OptoD2Halo
14.075,ctrl,SR1,OptoD2Halo
2.24500000000012,ctrl,SR1,OptoD2Halo
8.39999999999986,ctrl,SR1,OptoD2Halo
11.29,ctrl,SR1,OptoD2Halo
3.23499999999967,ctrl,SR1,OptoD2Halo
12.9449999999997,ctrl,SR1,OptoD2Halo
10.1950000000001,inhibition,SR2,OptoD2Halo
15.3099999999999,inhibition,SR2,OptoD2Halo
15.7550000000001,inhibition,SR2,OptoD2Halo
11.0550000000003,inhibition,SR2,OptoD2Halo
14.0150000000003,inhibition,SR2,OptoD2Halo
5.65000000000009,inhibition,SR2,OptoD2Halo
8.33500000000004,inhibition,SR2,OptoD2Halo
14.6149999999998,inhibition,SR2,OptoD2Halo
4.72000000000003,inhibition,SR2,OptoD2Halo
3.87000000000012,inhibition,SR2,OptoD2Halo
10.0150000000001,inhibition,SR2,OptoD2Halo
8.41000000000008,inhibition,SR2,OptoD2Halo
3.73000000000002,inhibition,SR2,OptoD2Halo
9.375,inhibition,SR2,OptoD2Halo
9.95000000000027,inhibition,SR2,OptoD2Halo
4.42499999999973,inhibition,SR2,OptoD2Halo
5.84500000000025,inhibition,SR2,OptoD2Halo
9.42499999999973,inhibition,SR2,OptoD2Halo
14.1700000000001,inhibition,SR2,OptoD2Halo
7.97999999999956,inhibition,SR2,OptoD2Halo
7.60000000000036,inhibition,SR2,OptoD2Halo
9.34499999999997,inhibition,SR2,OptoD2Halo
10.7750000000001,inhibition,SR2,OptoD2Halo
13.0350000000001,inhibition,SR2,OptoD2Halo
4.52999999999997,inhibition,SR2,OptoD2Halo
11.895,inhibition,SR2,OptoD2Halo
7.63000000000011,inhibition,SR2,OptoD2Halo
17.4699999999998,inhibition,SR2,OptoD2Halo
11.125,inhibition,SR2,OptoD2Halo
16.6749999999997,inhibition,SR2,OptoD2Halo
9.64499999999998,inhibition,SR2,OptoD2Halo
16.0999999999999,inhibition,SR2,OptoD2Halo
13.645,inhibition,SR2,OptoD2Halo
15.3199999999997,inhibition,SR2,OptoD2Halo
9.86000000000013,inhibition,SR2,OptoD2Halo
12.4000000000001,inhibition,SR2,OptoD2Halo
9.99499999999989,inhibition,SR2,OptoD2Halo
6.04000000000008,ctrl,SR2,OptoD2Halo
5.44000000000005,ctrl,SR2,OptoD2Halo
7.52499999999986,ctrl,SR2,OptoD2Halo
9.69000000000005,ctrl,SR2,OptoD2Halo
14.135,ctrl,SR2,OptoD2Halo
4.93499999999995,ctrl,SR2,OptoD2Halo
4.84000000000003,ctrl,SR2,OptoD2Halo
15.145,ctrl,SR2,OptoD2Halo
5.71000000000004,ctrl,SR2,OptoD2Halo
8.35000000000036,ctrl,SR2,OptoD2Halo
10.9700000000003,ctrl,SR2,OptoD2Halo
8.09000000000015,ctrl,SR2,OptoD2Halo
7.82500000000005,ctrl,SR2,OptoD2Halo
6.30500000000006,ctrl,SR2,OptoD2Halo
7.95499999999993,ctrl,SR2,OptoD2Halo
10.1700000000001,ctrl,SR2,OptoD2Halo
3.45500000000038,ctrl,SR2,OptoD2Halo
13.8850000000002,ctrl,SR2,OptoD2Halo
7.78500000000031,ctrl,SR2,OptoD2Halo
11.9849999999997,ctrl,SR2,OptoD2Halo
13.4949999999999,ctrl,SR2,OptoD2Halo
4.125,ctrl,SR2,OptoD2Halo
4.03999999999996,ctrl,SR2,OptoD2Halo
11.6449999999995,ctrl,SR2,OptoD2Halo
9.26000000000022,ctrl,SR2,OptoD2Halo
8.86000000000013,ctrl,SR2,OptoD2Halo
8.25999999999999,ctrl,SR2,OptoD2Halo
8.39499999999998,ctrl,SR2,OptoD2Halo
8.80500000000006,ctrl,SR2,OptoD2Halo
10.0100000000002,ctrl,SR2,OptoD2Halo
3.61499999999978,ctrl,SR2,OptoD2Halo
7.5,ctrl,SR2,OptoD2Halo
8.08500000000004,ctrl,SR2,OptoD2Halo
6.21500000000015,ctrl,SR2,OptoD2Halo
6.77500000000009,ctrl,SR2,OptoD2Halo
3.91499999999996,ctrl,SR2,OptoD2Halo
5.52499999999964,ctrl,SR2,OptoD2Halo
3.28499999999985,ctrl,SR2,OptoD2Halo
3.46500000000015,ctrl,SR2,OptoD2Halo
6.76499999999942,ctrl,SR2,OptoD2Halo
4.53999999999996,ctrl,SR2,OptoD2Halo
